"","CUID","Species","Year","CDN catch","US catch"
"1","1080","SH","1950",NA,NA
"2","1080","SH","1951",NA,NA
"3","1080","SH","1952",NA,NA
"4","1080","SH","1953",NA,NA
"5","1080","SH","1954",NA,NA
"6","1080","SH","1955",NA,NA
"7","1080","SH","1956",NA,NA
"8","1080","SH","1957",NA,NA
"9","1080","SH","1958",NA,NA
"10","1080","SH","1959",NA,NA
"11","1080","SH","1960",NA,NA
"12","1080","SH","1961",NA,NA
"13","1080","SH","1962",NA,NA
"14","1080","SH","1963",NA,NA
"15","1080","SH","1964",NA,NA
"16","1080","SH","1965",NA,NA
"17","1080","SH","1966",NA,NA
"18","1080","SH","1967",NA,NA
"19","1080","SH","1968",NA,NA
"20","1080","SH","1969",NA,NA
"21","1080","SH","1970",NA,NA
"22","1080","SH","1971",NA,NA
"23","1080","SH","1972",NA,NA
"24","1080","SH","1973",NA,NA
"25","1080","SH","1974",NA,NA
"26","1080","SH","1975",NA,NA
"27","1080","SH","1976",NA,NA
"28","1080","SH","1977",NA,NA
"29","1080","SH","1978",NA,NA
"30","1080","SH","1979",NA,NA
"31","1080","SH","1980",NA,NA
"32","1080","SH","1981",NA,NA
"33","1080","SH","1982",NA,NA
"34","1080","SH","1983",NA,NA
"35","1080","SH","1984",NA,NA
"36","1080","SH","1985",NA,NA
"37","1080","SH","1986",NA,NA
"38","1080","SH","1987",NA,NA
"39","1080","SH","1988",NA,NA
"40","1080","SH","1989",NA,NA
"41","1080","SH","1990",NA,NA
"42","1080","SH","1991",NA,NA
"43","1080","SH","1992",NA,NA
"44","1080","SH","1993",NA,NA
"45","1080","SH","1994",NA,NA
"46","1080","SH","1995",NA,NA
"47","1080","SH","1996",NA,NA
"48","1080","SH","1997",NA,NA
"49","1080","SH","1998",NA,NA
"50","1080","SH","1999",NA,NA
"51","1080","SH","2000",NA,NA
"52","1080","SH","2001",NA,NA
"53","1080","SH","2002",NA,NA
"54","1080","SH","2003",NA,NA
"55","1080","SH","2004",NA,NA
"56","1080","SH","2005",NA,NA
"57","1080","SH","2006",NA,NA
"58","1080","SH","2007",NA,NA
"59","1080","SH","2008",NA,NA
"60","1080","SH","2009",NA,NA
"61","1080","SH","2010",NA,NA
"62","1080","SH","2011",NA,NA
"63","1080","SH","2012",NA,NA
"64","1080","SH","2013",NA,NA
"65","1080","SH","2014",NA,NA
"66","1080","SH","2015",NA,NA
"67","1080","SH","2016",NA,NA
"68","1080","SH","2017",NA,NA
"69","1080","SH","2018",NA,NA
"70","1080","SH","2019",NA,NA
"71","1080","SH","2020",NA,NA
"72","1080","SH","2021",NA,NA
"73","1080","SH","2022",NA,NA
"74","1081","SH","1950",NA,NA
"75","1081","SH","1951",NA,NA
"76","1081","SH","1952",NA,NA
"77","1081","SH","1953",NA,NA
"78","1081","SH","1954",NA,NA
"79","1081","SH","1955",NA,NA
"80","1081","SH","1956",NA,NA
"81","1081","SH","1957",NA,NA
"82","1081","SH","1958",NA,NA
"83","1081","SH","1959",NA,NA
"84","1081","SH","1960",NA,NA
"85","1081","SH","1961",NA,NA
"86","1081","SH","1962",NA,NA
"87","1081","SH","1963",NA,NA
"88","1081","SH","1964",NA,NA
"89","1081","SH","1965",NA,NA
"90","1081","SH","1966",NA,NA
"91","1081","SH","1967",NA,NA
"92","1081","SH","1968",NA,NA
"93","1081","SH","1969",NA,NA
"94","1081","SH","1970",NA,NA
"95","1081","SH","1971",NA,NA
"96","1081","SH","1972",NA,NA
"97","1081","SH","1973",NA,NA
"98","1081","SH","1974",NA,NA
"99","1081","SH","1975",NA,NA
"100","1081","SH","1976",NA,NA
"101","1081","SH","1977",NA,NA
"102","1081","SH","1978",NA,NA
"103","1081","SH","1979",NA,NA
"104","1081","SH","1980",NA,NA
"105","1081","SH","1981",NA,NA
"106","1081","SH","1982",NA,NA
"107","1081","SH","1983",NA,NA
"108","1081","SH","1984",NA,NA
"109","1081","SH","1985",NA,NA
"110","1081","SH","1986",NA,NA
"111","1081","SH","1987",NA,NA
"112","1081","SH","1988",NA,NA
"113","1081","SH","1989",NA,NA
"114","1081","SH","1990",NA,NA
"115","1081","SH","1991",NA,NA
"116","1081","SH","1992",NA,NA
"117","1081","SH","1993",NA,NA
"118","1081","SH","1994",NA,NA
"119","1081","SH","1995",NA,NA
"120","1081","SH","1996",NA,NA
"121","1081","SH","1997",NA,NA
"122","1081","SH","1998",NA,NA
"123","1081","SH","1999",NA,NA
"124","1081","SH","2000",NA,NA
"125","1081","SH","2001",NA,NA
"126","1081","SH","2002",NA,NA
"127","1081","SH","2003",NA,NA
"128","1081","SH","2004",NA,NA
"129","1081","SH","2005",NA,NA
"130","1081","SH","2006",NA,NA
"131","1081","SH","2007",NA,NA
"132","1081","SH","2008",NA,NA
"133","1081","SH","2009",NA,NA
"134","1081","SH","2010",NA,NA
"135","1081","SH","2011",NA,NA
"136","1081","SH","2012",NA,NA
"137","1081","SH","2013",NA,NA
"138","1081","SH","2014",NA,NA
"139","1081","SH","2015",NA,NA
"140","1081","SH","2016",NA,NA
"141","1081","SH","2017",NA,NA
"142","1081","SH","2018",NA,NA
"143","1081","SH","2019",NA,NA
"144","1081","SH","2020",NA,NA
"145","1081","SH","2021",NA,NA
"146","1081","SH","2022",NA,NA
"147","1082","SH","1950",NA,NA
"148","1082","SH","1951",NA,NA
"149","1082","SH","1952",NA,NA
"150","1082","SH","1953",NA,NA
"151","1082","SH","1954",NA,NA
"152","1082","SH","1955",NA,NA
"153","1082","SH","1956",NA,NA
"154","1082","SH","1957",NA,NA
"155","1082","SH","1958",NA,NA
"156","1082","SH","1959",NA,NA
"157","1082","SH","1960",NA,NA
"158","1082","SH","1961",NA,NA
"159","1082","SH","1962",NA,NA
"160","1082","SH","1963",NA,NA
"161","1082","SH","1964",NA,NA
"162","1082","SH","1965",NA,NA
"163","1082","SH","1966",NA,NA
"164","1082","SH","1967",NA,NA
"165","1082","SH","1968",NA,NA
"166","1082","SH","1969",NA,NA
"167","1082","SH","1970",NA,NA
"168","1082","SH","1971",NA,NA
"169","1082","SH","1972",NA,NA
"170","1082","SH","1973",NA,NA
"171","1082","SH","1974",NA,NA
"172","1082","SH","1975",NA,NA
"173","1082","SH","1976",NA,NA
"174","1082","SH","1977",NA,NA
"175","1082","SH","1978",NA,NA
"176","1082","SH","1979",NA,NA
"177","1082","SH","1980",NA,NA
"178","1082","SH","1981",NA,NA
"179","1082","SH","1982",NA,NA
"180","1082","SH","1983",NA,NA
"181","1082","SH","1984",NA,NA
"182","1082","SH","1985",NA,NA
"183","1082","SH","1986",NA,NA
"184","1082","SH","1987",NA,NA
"185","1082","SH","1988",NA,NA
"186","1082","SH","1989",NA,NA
"187","1082","SH","1990",NA,NA
"188","1082","SH","1991",NA,NA
"189","1082","SH","1992",NA,NA
"190","1082","SH","1993",NA,NA
"191","1082","SH","1994",NA,NA
"192","1082","SH","1995",NA,NA
"193","1082","SH","1996",NA,NA
"194","1082","SH","1997",NA,NA
"195","1082","SH","1998",NA,NA
"196","1082","SH","1999",NA,NA
"197","1082","SH","2000",NA,NA
"198","1082","SH","2001",NA,NA
"199","1082","SH","2002",NA,NA
"200","1082","SH","2003",NA,NA
"201","1082","SH","2004",NA,NA
"202","1082","SH","2005",NA,NA
"203","1082","SH","2006",NA,NA
"204","1082","SH","2007",NA,NA
"205","1082","SH","2008",NA,NA
"206","1082","SH","2009",NA,NA
"207","1082","SH","2010",NA,NA
"208","1082","SH","2011",NA,NA
"209","1082","SH","2012",NA,NA
"210","1082","SH","2013",NA,NA
"211","1082","SH","2014",NA,NA
"212","1082","SH","2015",NA,NA
"213","1082","SH","2016",NA,NA
"214","1082","SH","2017",NA,NA
"215","1082","SH","2018",NA,NA
"216","1082","SH","2019",NA,NA
"217","1082","SH","2020",NA,NA
"218","1082","SH","2021",NA,NA
"219","1082","SH","2022",NA,NA
"220","1083","SH","1950",NA,NA
"221","1083","SH","1951",NA,NA
"222","1083","SH","1952",NA,NA
"223","1083","SH","1953",NA,NA
"224","1083","SH","1954",NA,NA
"225","1083","SH","1955",NA,NA
"226","1083","SH","1956",NA,NA
"227","1083","SH","1957",NA,NA
"228","1083","SH","1958",NA,NA
"229","1083","SH","1959",NA,NA
"230","1083","SH","1960",NA,NA
"231","1083","SH","1961",NA,NA
"232","1083","SH","1962",NA,NA
"233","1083","SH","1963",NA,NA
"234","1083","SH","1964",NA,NA
"235","1083","SH","1965",NA,NA
"236","1083","SH","1966",NA,NA
"237","1083","SH","1967",NA,NA
"238","1083","SH","1968",NA,NA
"239","1083","SH","1969",NA,NA
"240","1083","SH","1970",NA,NA
"241","1083","SH","1971",NA,NA
"242","1083","SH","1972",NA,NA
"243","1083","SH","1973",NA,NA
"244","1083","SH","1974",NA,NA
"245","1083","SH","1975",NA,NA
"246","1083","SH","1976",NA,NA
"247","1083","SH","1977",NA,NA
"248","1083","SH","1978",NA,NA
"249","1083","SH","1979",NA,NA
"250","1083","SH","1980",NA,NA
"251","1083","SH","1981",NA,NA
"252","1083","SH","1982",NA,NA
"253","1083","SH","1983",NA,NA
"254","1083","SH","1984",NA,NA
"255","1083","SH","1985",NA,NA
"256","1083","SH","1986",NA,NA
"257","1083","SH","1987",NA,NA
"258","1083","SH","1988",NA,NA
"259","1083","SH","1989",NA,NA
"260","1083","SH","1990",NA,NA
"261","1083","SH","1991",NA,NA
"262","1083","SH","1992",NA,NA
"263","1083","SH","1993",NA,NA
"264","1083","SH","1994",NA,NA
"265","1083","SH","1995",NA,NA
"266","1083","SH","1996",NA,NA
"267","1083","SH","1997",NA,NA
"268","1083","SH","1998",NA,NA
"269","1083","SH","1999",NA,NA
"270","1083","SH","2000",NA,NA
"271","1083","SH","2001",NA,NA
"272","1083","SH","2002",NA,NA
"273","1083","SH","2003",NA,NA
"274","1083","SH","2004",NA,NA
"275","1083","SH","2005",NA,NA
"276","1083","SH","2006",NA,NA
"277","1083","SH","2007",NA,NA
"278","1083","SH","2008",NA,NA
"279","1083","SH","2009",NA,NA
"280","1083","SH","2010",NA,NA
"281","1083","SH","2011",NA,NA
"282","1083","SH","2012",NA,NA
"283","1083","SH","2013",NA,NA
"284","1083","SH","2014",NA,NA
"285","1083","SH","2015",NA,NA
"286","1083","SH","2016",NA,NA
"287","1083","SH","2017",NA,NA
"288","1083","SH","2018",NA,NA
"289","1083","SH","2019",NA,NA
"290","1083","SH","2020",NA,NA
"291","1083","SH","2021",NA,NA
"292","1083","SH","2022",NA,NA
"293","1084","SH","1950",NA,NA
"294","1084","SH","1951",NA,NA
"295","1084","SH","1952",NA,NA
"296","1084","SH","1953",NA,NA
"297","1084","SH","1954",NA,NA
"298","1084","SH","1955",NA,NA
"299","1084","SH","1956",NA,NA
"300","1084","SH","1957",NA,NA
"301","1084","SH","1958",NA,NA
"302","1084","SH","1959",NA,NA
"303","1084","SH","1960",NA,NA
"304","1084","SH","1961",NA,NA
"305","1084","SH","1962",NA,NA
"306","1084","SH","1963",NA,NA
"307","1084","SH","1964",NA,NA
"308","1084","SH","1965",NA,NA
"309","1084","SH","1966",NA,NA
"310","1084","SH","1967",NA,NA
"311","1084","SH","1968",NA,NA
"312","1084","SH","1969",NA,NA
"313","1084","SH","1970",NA,NA
"314","1084","SH","1971",NA,NA
"315","1084","SH","1972",NA,NA
"316","1084","SH","1973",NA,NA
"317","1084","SH","1974",NA,NA
"318","1084","SH","1975",NA,NA
"319","1084","SH","1976",NA,NA
"320","1084","SH","1977",NA,NA
"321","1084","SH","1978",NA,NA
"322","1084","SH","1979",NA,NA
"323","1084","SH","1980",NA,NA
"324","1084","SH","1981",NA,NA
"325","1084","SH","1982",NA,NA
"326","1084","SH","1983",NA,NA
"327","1084","SH","1984",NA,NA
"328","1084","SH","1985",NA,NA
"329","1084","SH","1986",NA,NA
"330","1084","SH","1987",NA,NA
"331","1084","SH","1988",NA,NA
"332","1084","SH","1989",NA,NA
"333","1084","SH","1990",NA,NA
"334","1084","SH","1991",NA,NA
"335","1084","SH","1992",NA,NA
"336","1084","SH","1993",NA,NA
"337","1084","SH","1994",NA,NA
"338","1084","SH","1995",NA,NA
"339","1084","SH","1996",NA,NA
"340","1084","SH","1997",NA,NA
"341","1084","SH","1998",NA,NA
"342","1084","SH","1999",NA,NA
"343","1084","SH","2000",NA,NA
"344","1084","SH","2001",NA,NA
"345","1084","SH","2002",NA,NA
"346","1084","SH","2003",NA,NA
"347","1084","SH","2004",NA,NA
"348","1084","SH","2005",NA,NA
"349","1084","SH","2006",NA,NA
"350","1084","SH","2007",NA,NA
"351","1084","SH","2008",NA,NA
"352","1084","SH","2009",NA,NA
"353","1084","SH","2010",NA,NA
"354","1084","SH","2011",NA,NA
"355","1084","SH","2012",NA,NA
"356","1084","SH","2013",NA,NA
"357","1084","SH","2014",NA,NA
"358","1084","SH","2015",NA,NA
"359","1084","SH","2016",NA,NA
"360","1084","SH","2017",NA,NA
"361","1084","SH","2018",NA,NA
"362","1084","SH","2019",NA,NA
"363","1084","SH","2020",NA,NA
"364","1084","SH","2021",NA,NA
"365","1084","SH","2022",NA,NA
"366","1380","SH","1950",NA,NA
"367","1380","SH","1951",NA,NA
"368","1380","SH","1952",NA,NA
"369","1380","SH","1953",NA,NA
"370","1380","SH","1954",NA,NA
"371","1380","SH","1955",NA,NA
"372","1380","SH","1956",NA,NA
"373","1380","SH","1957",NA,NA
"374","1380","SH","1958",NA,NA
"375","1380","SH","1959",NA,NA
"376","1380","SH","1960",NA,NA
"377","1380","SH","1961",NA,NA
"378","1380","SH","1962",NA,NA
"379","1380","SH","1963",NA,NA
"380","1380","SH","1964",NA,NA
"381","1380","SH","1965",NA,NA
"382","1380","SH","1966",NA,NA
"383","1380","SH","1967",NA,NA
"384","1380","SH","1968",NA,NA
"385","1380","SH","1969",NA,NA
"386","1380","SH","1970",NA,NA
"387","1380","SH","1971",NA,NA
"388","1380","SH","1972",NA,NA
"389","1380","SH","1973",NA,NA
"390","1380","SH","1974",NA,NA
"391","1380","SH","1975",NA,NA
"392","1380","SH","1976",NA,NA
"393","1380","SH","1977",NA,NA
"394","1380","SH","1978",NA,NA
"395","1380","SH","1979",NA,NA
"396","1380","SH","1980",NA,NA
"397","1380","SH","1981",NA,NA
"398","1380","SH","1982",NA,NA
"399","1380","SH","1983",NA,NA
"400","1380","SH","1984",NA,NA
"401","1380","SH","1985",NA,NA
"402","1380","SH","1986",NA,NA
"403","1380","SH","1987",NA,NA
"404","1380","SH","1988",NA,NA
"405","1380","SH","1989",NA,NA
"406","1380","SH","1990",NA,NA
"407","1380","SH","1991",NA,NA
"408","1380","SH","1992",NA,NA
"409","1380","SH","1993",NA,NA
"410","1380","SH","1994",NA,NA
"411","1380","SH","1995",NA,NA
"412","1380","SH","1996",NA,NA
"413","1380","SH","1997",NA,NA
"414","1380","SH","1998",NA,NA
"415","1380","SH","1999",NA,NA
"416","1380","SH","2000",NA,NA
"417","1380","SH","2001",NA,NA
"418","1380","SH","2002",NA,NA
"419","1380","SH","2003",NA,NA
"420","1380","SH","2004",NA,NA
"421","1380","SH","2005",NA,NA
"422","1380","SH","2006",NA,NA
"423","1380","SH","2007",NA,NA
"424","1380","SH","2008",NA,NA
"425","1380","SH","2009",NA,NA
"426","1380","SH","2010",NA,NA
"427","1380","SH","2011",NA,NA
"428","1380","SH","2012",NA,NA
"429","1380","SH","2013",NA,NA
"430","1380","SH","2014",NA,NA
"431","1380","SH","2015",NA,NA
"432","1380","SH","2016",NA,NA
"433","1380","SH","2017",NA,NA
"434","1380","SH","2018",NA,NA
"435","1380","SH","2019",NA,NA
"436","1380","SH","2020",NA,NA
"437","1380","SH","2021",NA,NA
"438","1380","SH","2022",NA,NA
"439","280","SH","1950",NA,NA
"440","280","SH","1951",NA,NA
"441","280","SH","1952",NA,NA
"442","280","SH","1953",NA,NA
"443","280","SH","1954",NA,NA
"444","280","SH","1955",NA,NA
"445","280","SH","1956",NA,NA
"446","280","SH","1957",NA,NA
"447","280","SH","1958",NA,NA
"448","280","SH","1959",NA,NA
"449","280","SH","1960",NA,NA
"450","280","SH","1961",NA,NA
"451","280","SH","1962",NA,NA
"452","280","SH","1963",NA,NA
"453","280","SH","1964",NA,NA
"454","280","SH","1965",NA,NA
"455","280","SH","1966",NA,NA
"456","280","SH","1967",NA,NA
"457","280","SH","1968",NA,NA
"458","280","SH","1969",NA,NA
"459","280","SH","1970",NA,NA
"460","280","SH","1971",NA,NA
"461","280","SH","1972",NA,NA
"462","280","SH","1973",NA,NA
"463","280","SH","1974",NA,NA
"464","280","SH","1975",NA,NA
"465","280","SH","1976",NA,NA
"466","280","SH","1977",NA,NA
"467","280","SH","1978",NA,NA
"468","280","SH","1979",NA,NA
"469","280","SH","1980",NA,NA
"470","280","SH","1981",NA,NA
"471","280","SH","1982",NA,NA
"472","280","SH","1983",NA,NA
"473","280","SH","1984",NA,NA
"474","280","SH","1985",NA,NA
"475","280","SH","1986",NA,NA
"476","280","SH","1987",NA,NA
"477","280","SH","1988",NA,NA
"478","280","SH","1989",NA,NA
"479","280","SH","1990",NA,NA
"480","280","SH","1991",NA,NA
"481","280","SH","1992",NA,NA
"482","280","SH","1993",NA,NA
"483","280","SH","1994",NA,NA
"484","280","SH","1995",NA,NA
"485","280","SH","1996",NA,NA
"486","280","SH","1997",NA,NA
"487","280","SH","1998",NA,NA
"488","280","SH","1999",NA,NA
"489","280","SH","2000",NA,NA
"490","280","SH","2001",NA,NA
"491","280","SH","2002",NA,NA
"492","280","SH","2003",NA,NA
"493","280","SH","2004",NA,NA
"494","280","SH","2005",NA,NA
"495","280","SH","2006",NA,NA
"496","280","SH","2007",NA,NA
"497","280","SH","2008",NA,NA
"498","280","SH","2009",NA,NA
"499","280","SH","2010",NA,NA
"500","280","SH","2011",NA,NA
"501","280","SH","2012",NA,NA
"502","280","SH","2013",NA,NA
"503","280","SH","2014",NA,NA
"504","280","SH","2015",NA,NA
"505","280","SH","2016",NA,NA
"506","280","SH","2017",NA,NA
"507","280","SH","2018",NA,NA
"508","280","SH","2019",NA,NA
"509","280","SH","2020",NA,NA
"510","280","SH","2021",NA,NA
"511","280","SH","2022",NA,NA
"512","281","SH","1950",NA,NA
"513","281","SH","1951",NA,NA
"514","281","SH","1952",NA,NA
"515","281","SH","1953",NA,NA
"516","281","SH","1954",NA,NA
"517","281","SH","1955",NA,NA
"518","281","SH","1956",NA,NA
"519","281","SH","1957",NA,NA
"520","281","SH","1958",NA,NA
"521","281","SH","1959",NA,NA
"522","281","SH","1960",NA,NA
"523","281","SH","1961",NA,NA
"524","281","SH","1962",NA,NA
"525","281","SH","1963",NA,NA
"526","281","SH","1964",NA,NA
"527","281","SH","1965",NA,NA
"528","281","SH","1966",NA,NA
"529","281","SH","1967",NA,NA
"530","281","SH","1968",NA,NA
"531","281","SH","1969",NA,NA
"532","281","SH","1970",NA,NA
"533","281","SH","1971",NA,NA
"534","281","SH","1972",NA,NA
"535","281","SH","1973",NA,NA
"536","281","SH","1974",NA,NA
"537","281","SH","1975",NA,NA
"538","281","SH","1976",NA,NA
"539","281","SH","1977",NA,NA
"540","281","SH","1978",NA,NA
"541","281","SH","1979",NA,NA
"542","281","SH","1980",NA,NA
"543","281","SH","1981",NA,NA
"544","281","SH","1982",NA,NA
"545","281","SH","1983",NA,NA
"546","281","SH","1984",NA,NA
"547","281","SH","1985",NA,NA
"548","281","SH","1986",NA,NA
"549","281","SH","1987",NA,NA
"550","281","SH","1988",NA,NA
"551","281","SH","1989",NA,NA
"552","281","SH","1990",NA,NA
"553","281","SH","1991",NA,NA
"554","281","SH","1992",NA,NA
"555","281","SH","1993",NA,NA
"556","281","SH","1994",NA,NA
"557","281","SH","1995",NA,NA
"558","281","SH","1996",NA,NA
"559","281","SH","1997",NA,NA
"560","281","SH","1998",NA,NA
"561","281","SH","1999",NA,NA
"562","281","SH","2000",NA,NA
"563","281","SH","2001",NA,NA
"564","281","SH","2002",NA,NA
"565","281","SH","2003",NA,NA
"566","281","SH","2004",NA,NA
"567","281","SH","2005",NA,NA
"568","281","SH","2006",NA,NA
"569","281","SH","2007",NA,NA
"570","281","SH","2008",NA,NA
"571","281","SH","2009",NA,NA
"572","281","SH","2010",NA,NA
"573","281","SH","2011",NA,NA
"574","281","SH","2012",NA,NA
"575","281","SH","2013",NA,NA
"576","281","SH","2014",NA,NA
"577","281","SH","2015",NA,NA
"578","281","SH","2016",NA,NA
"579","281","SH","2017",NA,NA
"580","281","SH","2018",NA,NA
"581","281","SH","2019",NA,NA
"582","281","SH","2020",NA,NA
"583","281","SH","2021",NA,NA
"584","281","SH","2022",NA,NA
"585","282","SH","1950",NA,NA
"586","282","SH","1951",NA,NA
"587","282","SH","1952",NA,NA
"588","282","SH","1953",NA,NA
"589","282","SH","1954",NA,NA
"590","282","SH","1955",NA,NA
"591","282","SH","1956",NA,NA
"592","282","SH","1957",NA,NA
"593","282","SH","1958",NA,NA
"594","282","SH","1959",NA,NA
"595","282","SH","1960",NA,NA
"596","282","SH","1961",NA,NA
"597","282","SH","1962",NA,NA
"598","282","SH","1963",NA,NA
"599","282","SH","1964",NA,NA
"600","282","SH","1965",NA,NA
"601","282","SH","1966",NA,NA
"602","282","SH","1967",NA,NA
"603","282","SH","1968",NA,NA
"604","282","SH","1969",NA,NA
"605","282","SH","1970",NA,NA
"606","282","SH","1971",NA,NA
"607","282","SH","1972",NA,NA
"608","282","SH","1973",NA,NA
"609","282","SH","1974",NA,NA
"610","282","SH","1975",NA,NA
"611","282","SH","1976",NA,NA
"612","282","SH","1977",NA,NA
"613","282","SH","1978",NA,NA
"614","282","SH","1979",NA,NA
"615","282","SH","1980",NA,NA
"616","282","SH","1981",NA,NA
"617","282","SH","1982",NA,NA
"618","282","SH","1983",NA,NA
"619","282","SH","1984",NA,NA
"620","282","SH","1985",NA,NA
"621","282","SH","1986",NA,NA
"622","282","SH","1987",NA,NA
"623","282","SH","1988",NA,NA
"624","282","SH","1989",NA,NA
"625","282","SH","1990",NA,NA
"626","282","SH","1991",NA,NA
"627","282","SH","1992",NA,NA
"628","282","SH","1993",NA,NA
"629","282","SH","1994",NA,NA
"630","282","SH","1995",NA,NA
"631","282","SH","1996",NA,NA
"632","282","SH","1997",NA,NA
"633","282","SH","1998",NA,NA
"634","282","SH","1999",NA,NA
"635","282","SH","2000",NA,NA
"636","282","SH","2001",NA,NA
"637","282","SH","2002",NA,NA
"638","282","SH","2003",NA,NA
"639","282","SH","2004",NA,NA
"640","282","SH","2005",NA,NA
"641","282","SH","2006",NA,NA
"642","282","SH","2007",NA,NA
"643","282","SH","2008",NA,NA
"644","282","SH","2009",NA,NA
"645","282","SH","2010",NA,NA
"646","282","SH","2011",NA,NA
"647","282","SH","2012",NA,NA
"648","282","SH","2013",NA,NA
"649","282","SH","2014",NA,NA
"650","282","SH","2015",NA,NA
"651","282","SH","2016",NA,NA
"652","282","SH","2017",NA,NA
"653","282","SH","2018",NA,NA
"654","282","SH","2019",NA,NA
"655","282","SH","2020",NA,NA
"656","282","SH","2021",NA,NA
"657","282","SH","2022",NA,NA
"658","283","SH","1950",NA,NA
"659","283","SH","1951",NA,NA
"660","283","SH","1952",NA,NA
"661","283","SH","1953",NA,NA
"662","283","SH","1954",NA,NA
"663","283","SH","1955",NA,NA
"664","283","SH","1956",NA,NA
"665","283","SH","1957",NA,NA
"666","283","SH","1958",NA,NA
"667","283","SH","1959",NA,NA
"668","283","SH","1960",NA,NA
"669","283","SH","1961",NA,NA
"670","283","SH","1962",NA,NA
"671","283","SH","1963",NA,NA
"672","283","SH","1964",NA,NA
"673","283","SH","1965",NA,NA
"674","283","SH","1966",NA,NA
"675","283","SH","1967",NA,NA
"676","283","SH","1968",NA,NA
"677","283","SH","1969",NA,NA
"678","283","SH","1970",NA,NA
"679","283","SH","1971",NA,NA
"680","283","SH","1972",NA,NA
"681","283","SH","1973",NA,NA
"682","283","SH","1974",NA,NA
"683","283","SH","1975",NA,NA
"684","283","SH","1976",NA,NA
"685","283","SH","1977",NA,NA
"686","283","SH","1978",NA,NA
"687","283","SH","1979",NA,NA
"688","283","SH","1980",NA,NA
"689","283","SH","1981",NA,NA
"690","283","SH","1982",NA,NA
"691","283","SH","1983",NA,NA
"692","283","SH","1984",NA,NA
"693","283","SH","1985",NA,NA
"694","283","SH","1986",NA,NA
"695","283","SH","1987",NA,NA
"696","283","SH","1988",NA,NA
"697","283","SH","1989",NA,NA
"698","283","SH","1990",NA,NA
"699","283","SH","1991",NA,NA
"700","283","SH","1992",NA,NA
"701","283","SH","1993",NA,NA
"702","283","SH","1994",NA,NA
"703","283","SH","1995",NA,NA
"704","283","SH","1996",NA,NA
"705","283","SH","1997",NA,NA
"706","283","SH","1998",NA,NA
"707","283","SH","1999",NA,NA
"708","283","SH","2000",NA,NA
"709","283","SH","2001",NA,NA
"710","283","SH","2002",NA,NA
"711","283","SH","2003",NA,NA
"712","283","SH","2004",NA,NA
"713","283","SH","2005",NA,NA
"714","283","SH","2006",NA,NA
"715","283","SH","2007",NA,NA
"716","283","SH","2008",NA,NA
"717","283","SH","2009",NA,NA
"718","283","SH","2010",NA,NA
"719","283","SH","2011",NA,NA
"720","283","SH","2012",NA,NA
"721","283","SH","2013",NA,NA
"722","283","SH","2014",NA,NA
"723","283","SH","2015",NA,NA
"724","283","SH","2016",NA,NA
"725","283","SH","2017",NA,NA
"726","283","SH","2018",NA,NA
"727","283","SH","2019",NA,NA
"728","283","SH","2020",NA,NA
"729","283","SH","2021",NA,NA
"730","283","SH","2022",NA,NA
"731","284","SH","1950",NA,NA
"732","284","SH","1951",NA,NA
"733","284","SH","1952",NA,NA
"734","284","SH","1953",NA,NA
"735","284","SH","1954",NA,NA
"736","284","SH","1955",NA,NA
"737","284","SH","1956",NA,NA
"738","284","SH","1957",NA,NA
"739","284","SH","1958",NA,NA
"740","284","SH","1959",NA,NA
"741","284","SH","1960",NA,NA
"742","284","SH","1961",NA,NA
"743","284","SH","1962",NA,NA
"744","284","SH","1963",NA,NA
"745","284","SH","1964",NA,NA
"746","284","SH","1965",NA,NA
"747","284","SH","1966",NA,NA
"748","284","SH","1967",NA,NA
"749","284","SH","1968",NA,NA
"750","284","SH","1969",NA,NA
"751","284","SH","1970",NA,NA
"752","284","SH","1971",NA,NA
"753","284","SH","1972",NA,NA
"754","284","SH","1973",NA,NA
"755","284","SH","1974",NA,NA
"756","284","SH","1975",NA,NA
"757","284","SH","1976",NA,NA
"758","284","SH","1977",NA,NA
"759","284","SH","1978",NA,NA
"760","284","SH","1979",NA,NA
"761","284","SH","1980",NA,NA
"762","284","SH","1981",NA,NA
"763","284","SH","1982",NA,NA
"764","284","SH","1983",NA,NA
"765","284","SH","1984",NA,NA
"766","284","SH","1985",NA,NA
"767","284","SH","1986",NA,NA
"768","284","SH","1987",NA,NA
"769","284","SH","1988",NA,NA
"770","284","SH","1989",NA,NA
"771","284","SH","1990",NA,NA
"772","284","SH","1991",NA,NA
"773","284","SH","1992",NA,NA
"774","284","SH","1993",NA,NA
"775","284","SH","1994",NA,NA
"776","284","SH","1995",NA,NA
"777","284","SH","1996",NA,NA
"778","284","SH","1997",NA,NA
"779","284","SH","1998",NA,NA
"780","284","SH","1999",NA,NA
"781","284","SH","2000",NA,NA
"782","284","SH","2001",NA,NA
"783","284","SH","2002",NA,NA
"784","284","SH","2003",NA,NA
"785","284","SH","2004",NA,NA
"786","284","SH","2005",NA,NA
"787","284","SH","2006",NA,NA
"788","284","SH","2007",NA,NA
"789","284","SH","2008",NA,NA
"790","284","SH","2009",NA,NA
"791","284","SH","2010",NA,NA
"792","284","SH","2011",NA,NA
"793","284","SH","2012",NA,NA
"794","284","SH","2013",NA,NA
"795","284","SH","2014",NA,NA
"796","284","SH","2015",NA,NA
"797","284","SH","2016",NA,NA
"798","284","SH","2017",NA,NA
"799","284","SH","2018",NA,NA
"800","284","SH","2019",NA,NA
"801","284","SH","2020",NA,NA
"802","284","SH","2021",NA,NA
"803","284","SH","2022",NA,NA
"804","285","SH","1950",NA,NA
"805","285","SH","1951",NA,NA
"806","285","SH","1952",NA,NA
"807","285","SH","1953",NA,NA
"808","285","SH","1954",NA,NA
"809","285","SH","1955",NA,NA
"810","285","SH","1956",NA,NA
"811","285","SH","1957",NA,NA
"812","285","SH","1958",NA,NA
"813","285","SH","1959",NA,NA
"814","285","SH","1960",NA,NA
"815","285","SH","1961",NA,NA
"816","285","SH","1962",NA,NA
"817","285","SH","1963",NA,NA
"818","285","SH","1964",NA,NA
"819","285","SH","1965",NA,NA
"820","285","SH","1966",NA,NA
"821","285","SH","1967",NA,NA
"822","285","SH","1968",NA,NA
"823","285","SH","1969",NA,NA
"824","285","SH","1970",NA,NA
"825","285","SH","1971",NA,NA
"826","285","SH","1972",NA,NA
"827","285","SH","1973",NA,NA
"828","285","SH","1974",NA,NA
"829","285","SH","1975",NA,NA
"830","285","SH","1976",NA,NA
"831","285","SH","1977",NA,NA
"832","285","SH","1978",NA,NA
"833","285","SH","1979",NA,NA
"834","285","SH","1980",NA,NA
"835","285","SH","1981",NA,NA
"836","285","SH","1982",NA,NA
"837","285","SH","1983",NA,NA
"838","285","SH","1984",NA,NA
"839","285","SH","1985",NA,NA
"840","285","SH","1986",NA,NA
"841","285","SH","1987",NA,NA
"842","285","SH","1988",NA,NA
"843","285","SH","1989",NA,NA
"844","285","SH","1990",NA,NA
"845","285","SH","1991",NA,NA
"846","285","SH","1992",NA,NA
"847","285","SH","1993",NA,NA
"848","285","SH","1994",NA,NA
"849","285","SH","1995",NA,NA
"850","285","SH","1996",NA,NA
"851","285","SH","1997",NA,NA
"852","285","SH","1998",NA,NA
"853","285","SH","1999",NA,NA
"854","285","SH","2000",NA,NA
"855","285","SH","2001",NA,NA
"856","285","SH","2002",NA,NA
"857","285","SH","2003",NA,NA
"858","285","SH","2004",NA,NA
"859","285","SH","2005",NA,NA
"860","285","SH","2006",NA,NA
"861","285","SH","2007",NA,NA
"862","285","SH","2008",NA,NA
"863","285","SH","2009",NA,NA
"864","285","SH","2010",NA,NA
"865","285","SH","2011",NA,NA
"866","285","SH","2012",NA,NA
"867","285","SH","2013",NA,NA
"868","285","SH","2014",NA,NA
"869","285","SH","2015",NA,NA
"870","285","SH","2016",NA,NA
"871","285","SH","2017",NA,NA
"872","285","SH","2018",NA,NA
"873","285","SH","2019",NA,NA
"874","285","SH","2020",NA,NA
"875","285","SH","2021",NA,NA
"876","285","SH","2022",NA,NA
"877","286","SH","1950",NA,NA
"878","286","SH","1951",NA,NA
"879","286","SH","1952",NA,NA
"880","286","SH","1953",NA,NA
"881","286","SH","1954",NA,NA
"882","286","SH","1955",NA,NA
"883","286","SH","1956",NA,NA
"884","286","SH","1957",NA,NA
"885","286","SH","1958",NA,NA
"886","286","SH","1959",NA,NA
"887","286","SH","1960",NA,NA
"888","286","SH","1961",NA,NA
"889","286","SH","1962",NA,NA
"890","286","SH","1963",NA,NA
"891","286","SH","1964",NA,NA
"892","286","SH","1965",NA,NA
"893","286","SH","1966",NA,NA
"894","286","SH","1967",NA,NA
"895","286","SH","1968",NA,NA
"896","286","SH","1969",NA,NA
"897","286","SH","1970",NA,NA
"898","286","SH","1971",NA,NA
"899","286","SH","1972",NA,NA
"900","286","SH","1973",NA,NA
"901","286","SH","1974",NA,NA
"902","286","SH","1975",NA,NA
"903","286","SH","1976",NA,NA
"904","286","SH","1977",NA,NA
"905","286","SH","1978",NA,NA
"906","286","SH","1979",NA,NA
"907","286","SH","1980",NA,NA
"908","286","SH","1981",NA,NA
"909","286","SH","1982",NA,NA
"910","286","SH","1983",NA,NA
"911","286","SH","1984",NA,NA
"912","286","SH","1985",NA,NA
"913","286","SH","1986",NA,NA
"914","286","SH","1987",NA,NA
"915","286","SH","1988",NA,NA
"916","286","SH","1989",NA,NA
"917","286","SH","1990",NA,NA
"918","286","SH","1991",NA,NA
"919","286","SH","1992",NA,NA
"920","286","SH","1993",NA,NA
"921","286","SH","1994",NA,NA
"922","286","SH","1995",NA,NA
"923","286","SH","1996",NA,NA
"924","286","SH","1997",NA,NA
"925","286","SH","1998",NA,NA
"926","286","SH","1999",NA,NA
"927","286","SH","2000",NA,NA
"928","286","SH","2001",NA,NA
"929","286","SH","2002",NA,NA
"930","286","SH","2003",NA,NA
"931","286","SH","2004",NA,NA
"932","286","SH","2005",NA,NA
"933","286","SH","2006",NA,NA
"934","286","SH","2007",NA,NA
"935","286","SH","2008",NA,NA
"936","286","SH","2009",NA,NA
"937","286","SH","2010",NA,NA
"938","286","SH","2011",NA,NA
"939","286","SH","2012",NA,NA
"940","286","SH","2013",NA,NA
"941","286","SH","2014",NA,NA
"942","286","SH","2015",NA,NA
"943","286","SH","2016",NA,NA
"944","286","SH","2017",NA,NA
"945","286","SH","2018",NA,NA
"946","286","SH","2019",NA,NA
"947","286","SH","2020",NA,NA
"948","286","SH","2021",NA,NA
"949","286","SH","2022",NA,NA
"950","287","SH","1950",NA,NA
"951","287","SH","1951",NA,NA
"952","287","SH","1952",NA,NA
"953","287","SH","1953",NA,NA
"954","287","SH","1954",NA,NA
"955","287","SH","1955",NA,NA
"956","287","SH","1956",NA,NA
"957","287","SH","1957",NA,NA
"958","287","SH","1958",NA,NA
"959","287","SH","1959",NA,NA
"960","287","SH","1960",NA,NA
"961","287","SH","1961",NA,NA
"962","287","SH","1962",NA,NA
"963","287","SH","1963",NA,NA
"964","287","SH","1964",NA,NA
"965","287","SH","1965",NA,NA
"966","287","SH","1966",NA,NA
"967","287","SH","1967",NA,NA
"968","287","SH","1968",NA,NA
"969","287","SH","1969",NA,NA
"970","287","SH","1970",NA,NA
"971","287","SH","1971",NA,NA
"972","287","SH","1972",NA,NA
"973","287","SH","1973",NA,NA
"974","287","SH","1974",NA,NA
"975","287","SH","1975",NA,NA
"976","287","SH","1976",NA,NA
"977","287","SH","1977",NA,NA
"978","287","SH","1978",NA,NA
"979","287","SH","1979",NA,NA
"980","287","SH","1980",NA,NA
"981","287","SH","1981",NA,NA
"982","287","SH","1982",NA,NA
"983","287","SH","1983",NA,NA
"984","287","SH","1984",NA,NA
"985","287","SH","1985",NA,NA
"986","287","SH","1986",NA,NA
"987","287","SH","1987",NA,NA
"988","287","SH","1988",NA,NA
"989","287","SH","1989",NA,NA
"990","287","SH","1990",NA,NA
"991","287","SH","1991",NA,NA
"992","287","SH","1992",NA,NA
"993","287","SH","1993",NA,NA
"994","287","SH","1994",NA,NA
"995","287","SH","1995",NA,NA
"996","287","SH","1996",NA,NA
"997","287","SH","1997",NA,NA
"998","287","SH","1998",NA,NA
"999","287","SH","1999",NA,NA
"1000","287","SH","2000",NA,NA
"1001","287","SH","2001",NA,NA
"1002","287","SH","2002",NA,NA
"1003","287","SH","2003",NA,NA
"1004","287","SH","2004",NA,NA
"1005","287","SH","2005",NA,NA
"1006","287","SH","2006",NA,NA
"1007","287","SH","2007",NA,NA
"1008","287","SH","2008",NA,NA
"1009","287","SH","2009",NA,NA
"1010","287","SH","2010",NA,NA
"1011","287","SH","2011",NA,NA
"1012","287","SH","2012",NA,NA
"1013","287","SH","2013",NA,NA
"1014","287","SH","2014",NA,NA
"1015","287","SH","2015",NA,NA
"1016","287","SH","2016",NA,NA
"1017","287","SH","2017",NA,NA
"1018","287","SH","2018",NA,NA
"1019","287","SH","2019",NA,NA
"1020","287","SH","2020",NA,NA
"1021","287","SH","2021",NA,NA
"1022","287","SH","2022",NA,NA
"1023","288","SH","1950",NA,NA
"1024","288","SH","1951",NA,NA
"1025","288","SH","1952",NA,NA
"1026","288","SH","1953",NA,NA
"1027","288","SH","1954",NA,NA
"1028","288","SH","1955",NA,NA
"1029","288","SH","1956",NA,NA
"1030","288","SH","1957",NA,NA
"1031","288","SH","1958",NA,NA
"1032","288","SH","1959",NA,NA
"1033","288","SH","1960",NA,NA
"1034","288","SH","1961",NA,NA
"1035","288","SH","1962",NA,NA
"1036","288","SH","1963",NA,NA
"1037","288","SH","1964",NA,NA
"1038","288","SH","1965",NA,NA
"1039","288","SH","1966",NA,NA
"1040","288","SH","1967",NA,NA
"1041","288","SH","1968",NA,NA
"1042","288","SH","1969",NA,NA
"1043","288","SH","1970",NA,NA
"1044","288","SH","1971",NA,NA
"1045","288","SH","1972",NA,NA
"1046","288","SH","1973",NA,NA
"1047","288","SH","1974",NA,NA
"1048","288","SH","1975",NA,NA
"1049","288","SH","1976",NA,NA
"1050","288","SH","1977",NA,NA
"1051","288","SH","1978",NA,NA
"1052","288","SH","1979",NA,NA
"1053","288","SH","1980",NA,NA
"1054","288","SH","1981",NA,NA
"1055","288","SH","1982",NA,NA
"1056","288","SH","1983",NA,NA
"1057","288","SH","1984",NA,NA
"1058","288","SH","1985",NA,NA
"1059","288","SH","1986",NA,NA
"1060","288","SH","1987",NA,NA
"1061","288","SH","1988",NA,NA
"1062","288","SH","1989",NA,NA
"1063","288","SH","1990",NA,NA
"1064","288","SH","1991",NA,NA
"1065","288","SH","1992",NA,NA
"1066","288","SH","1993",NA,NA
"1067","288","SH","1994",NA,NA
"1068","288","SH","1995",NA,NA
"1069","288","SH","1996",NA,NA
"1070","288","SH","1997",NA,NA
"1071","288","SH","1998",NA,NA
"1072","288","SH","1999",NA,NA
"1073","288","SH","2000",NA,NA
"1074","288","SH","2001",NA,NA
"1075","288","SH","2002",NA,NA
"1076","288","SH","2003",NA,NA
"1077","288","SH","2004",NA,NA
"1078","288","SH","2005",NA,NA
"1079","288","SH","2006",NA,NA
"1080","288","SH","2007",NA,NA
"1081","288","SH","2008",NA,NA
"1082","288","SH","2009",NA,NA
"1083","288","SH","2010",NA,NA
"1084","288","SH","2011",NA,NA
"1085","288","SH","2012",NA,NA
"1086","288","SH","2013",NA,NA
"1087","288","SH","2014",NA,NA
"1088","288","SH","2015",NA,NA
"1089","288","SH","2016",NA,NA
"1090","288","SH","2017",NA,NA
"1091","288","SH","2018",NA,NA
"1092","288","SH","2019",NA,NA
"1093","288","SH","2020",NA,NA
"1094","288","SH","2021",NA,NA
"1095","288","SH","2022",NA,NA
"1096","289","SH","1950",NA,NA
"1097","289","SH","1951",NA,NA
"1098","289","SH","1952",NA,NA
"1099","289","SH","1953",NA,NA
"1100","289","SH","1954",NA,NA
"1101","289","SH","1955",NA,NA
"1102","289","SH","1956",NA,NA
"1103","289","SH","1957",NA,NA
"1104","289","SH","1958",NA,NA
"1105","289","SH","1959",NA,NA
"1106","289","SH","1960",NA,NA
"1107","289","SH","1961",NA,NA
"1108","289","SH","1962",NA,NA
"1109","289","SH","1963",NA,NA
"1110","289","SH","1964",NA,NA
"1111","289","SH","1965",NA,NA
"1112","289","SH","1966",NA,NA
"1113","289","SH","1967",NA,NA
"1114","289","SH","1968",NA,NA
"1115","289","SH","1969",NA,NA
"1116","289","SH","1970",NA,NA
"1117","289","SH","1971",NA,NA
"1118","289","SH","1972",NA,NA
"1119","289","SH","1973",NA,NA
"1120","289","SH","1974",NA,NA
"1121","289","SH","1975",NA,NA
"1122","289","SH","1976",NA,NA
"1123","289","SH","1977",NA,NA
"1124","289","SH","1978",NA,NA
"1125","289","SH","1979",NA,NA
"1126","289","SH","1980",NA,NA
"1127","289","SH","1981",NA,NA
"1128","289","SH","1982",NA,NA
"1129","289","SH","1983",NA,NA
"1130","289","SH","1984",NA,NA
"1131","289","SH","1985",NA,NA
"1132","289","SH","1986",NA,NA
"1133","289","SH","1987",NA,NA
"1134","289","SH","1988",NA,NA
"1135","289","SH","1989",NA,NA
"1136","289","SH","1990",NA,NA
"1137","289","SH","1991",NA,NA
"1138","289","SH","1992",NA,NA
"1139","289","SH","1993",NA,NA
"1140","289","SH","1994",NA,NA
"1141","289","SH","1995",NA,NA
"1142","289","SH","1996",NA,NA
"1143","289","SH","1997",NA,NA
"1144","289","SH","1998",NA,NA
"1145","289","SH","1999",NA,NA
"1146","289","SH","2000",NA,NA
"1147","289","SH","2001",NA,NA
"1148","289","SH","2002",NA,NA
"1149","289","SH","2003",NA,NA
"1150","289","SH","2004",NA,NA
"1151","289","SH","2005",NA,NA
"1152","289","SH","2006",NA,NA
"1153","289","SH","2007",NA,NA
"1154","289","SH","2008",NA,NA
"1155","289","SH","2009",NA,NA
"1156","289","SH","2010",NA,NA
"1157","289","SH","2011",NA,NA
"1158","289","SH","2012",NA,NA
"1159","289","SH","2013",NA,NA
"1160","289","SH","2014",NA,NA
"1161","289","SH","2015",NA,NA
"1162","289","SH","2016",NA,NA
"1163","289","SH","2017",NA,NA
"1164","289","SH","2018",NA,NA
"1165","289","SH","2019",NA,NA
"1166","289","SH","2020",NA,NA
"1167","289","SH","2021",NA,NA
"1168","289","SH","2022",NA,NA
"1169","290","SH","1950",NA,NA
"1170","290","SH","1951",NA,NA
"1171","290","SH","1952",NA,NA
"1172","290","SH","1953",NA,NA
"1173","290","SH","1954",NA,NA
"1174","290","SH","1955",NA,NA
"1175","290","SH","1956",NA,NA
"1176","290","SH","1957",NA,NA
"1177","290","SH","1958",NA,NA
"1178","290","SH","1959",NA,NA
"1179","290","SH","1960",NA,NA
"1180","290","SH","1961",NA,NA
"1181","290","SH","1962",NA,NA
"1182","290","SH","1963",NA,NA
"1183","290","SH","1964",NA,NA
"1184","290","SH","1965",NA,NA
"1185","290","SH","1966",NA,NA
"1186","290","SH","1967",NA,NA
"1187","290","SH","1968",NA,NA
"1188","290","SH","1969",NA,NA
"1189","290","SH","1970",NA,NA
"1190","290","SH","1971",NA,NA
"1191","290","SH","1972",NA,NA
"1192","290","SH","1973",NA,NA
"1193","290","SH","1974",NA,NA
"1194","290","SH","1975",NA,NA
"1195","290","SH","1976",NA,NA
"1196","290","SH","1977",NA,NA
"1197","290","SH","1978",NA,NA
"1198","290","SH","1979",NA,NA
"1199","290","SH","1980",NA,NA
"1200","290","SH","1981",NA,NA
"1201","290","SH","1982",NA,NA
"1202","290","SH","1983",NA,NA
"1203","290","SH","1984",NA,NA
"1204","290","SH","1985",NA,NA
"1205","290","SH","1986",NA,NA
"1206","290","SH","1987",NA,NA
"1207","290","SH","1988",NA,NA
"1208","290","SH","1989",NA,NA
"1209","290","SH","1990",NA,NA
"1210","290","SH","1991",NA,NA
"1211","290","SH","1992",NA,NA
"1212","290","SH","1993",NA,NA
"1213","290","SH","1994",NA,NA
"1214","290","SH","1995",NA,NA
"1215","290","SH","1996",NA,NA
"1216","290","SH","1997",NA,NA
"1217","290","SH","1998",NA,NA
"1218","290","SH","1999",NA,NA
"1219","290","SH","2000",NA,NA
"1220","290","SH","2001",NA,NA
"1221","290","SH","2002",NA,NA
"1222","290","SH","2003",NA,NA
"1223","290","SH","2004",NA,NA
"1224","290","SH","2005",NA,NA
"1225","290","SH","2006",NA,NA
"1226","290","SH","2007",NA,NA
"1227","290","SH","2008",NA,NA
"1228","290","SH","2009",NA,NA
"1229","290","SH","2010",NA,NA
"1230","290","SH","2011",NA,NA
"1231","290","SH","2012",NA,NA
"1232","290","SH","2013",NA,NA
"1233","290","SH","2014",NA,NA
"1234","290","SH","2015",NA,NA
"1235","290","SH","2016",NA,NA
"1236","290","SH","2017",NA,NA
"1237","290","SH","2018",NA,NA
"1238","290","SH","2019",NA,NA
"1239","290","SH","2020",NA,NA
"1240","290","SH","2021",NA,NA
"1241","290","SH","2022",NA,NA
"1242","480","SH","1950",NA,NA
"1243","480","SH","1951",NA,NA
"1244","480","SH","1952",NA,NA
"1245","480","SH","1953",NA,NA
"1246","480","SH","1954",NA,NA
"1247","480","SH","1955",NA,NA
"1248","480","SH","1956",NA,NA
"1249","480","SH","1957",NA,NA
"1250","480","SH","1958",NA,NA
"1251","480","SH","1959",NA,NA
"1252","480","SH","1960",NA,NA
"1253","480","SH","1961",NA,NA
"1254","480","SH","1962",NA,NA
"1255","480","SH","1963",NA,NA
"1256","480","SH","1964",NA,NA
"1257","480","SH","1965",NA,NA
"1258","480","SH","1966",NA,NA
"1259","480","SH","1967",NA,NA
"1260","480","SH","1968",NA,NA
"1261","480","SH","1969",NA,NA
"1262","480","SH","1970",NA,NA
"1263","480","SH","1971",NA,NA
"1264","480","SH","1972",NA,NA
"1265","480","SH","1973",NA,NA
"1266","480","SH","1974",NA,NA
"1267","480","SH","1975",NA,NA
"1268","480","SH","1976",NA,NA
"1269","480","SH","1977",NA,NA
"1270","480","SH","1978",NA,NA
"1271","480","SH","1979",NA,NA
"1272","480","SH","1980",NA,NA
"1273","480","SH","1981",NA,NA
"1274","480","SH","1982",NA,NA
"1275","480","SH","1983",NA,NA
"1276","480","SH","1984",NA,NA
"1277","480","SH","1985",NA,NA
"1278","480","SH","1986",NA,NA
"1279","480","SH","1987",NA,NA
"1280","480","SH","1988",NA,NA
"1281","480","SH","1989",NA,NA
"1282","480","SH","1990",NA,NA
"1283","480","SH","1991",NA,NA
"1284","480","SH","1992",NA,NA
"1285","480","SH","1993",NA,NA
"1286","480","SH","1994","1595","4647"
"1287","480","SH","1995","850","2150"
"1288","480","SH","1996","3420","12736"
"1289","480","SH","1997","515","10350"
"1290","480","SH","1998","1128","17784"
"1291","480","SH","1999","4945","7819"
"1292","480","SH","2000","2482","4209"
"1293","480","SH","2001","1260","12366"
"1294","480","SH","2002","1983","2320"
"1295","480","SH","2003","1400","6068"
"1296","480","SH","2004","700","5262"
"1297","480","SH","2005","419","3696"
"1298","480","SH","2006","549","1846"
"1299","480","SH","2007","274","15560"
"1300","480","SH","2008","543","3940"
"1301","480","SH","2009","570","19051"
"1302","480","SH","2010","838","4034"
"1303","480","SH","2011","1553","5487"
"1304","480","SH","2012","666","1992"
"1305","480","SH","2013","604","2301"
"1306","480","SH","2014","643","4760"
"1307","480","SH","2015","1805","5724"
"1308","480","SH","2016","596","7987"
"1309","480","SH","2017","237","1168"
"1310","480","SH","2018","685","3993"
"1311","480","SH","2019","103","3796"
"1312","480","SH","2020","121","763"
"1313","480","SH","2021","68","2978"
"1314","480","SH","2022","171","4473"
"1315","481","SH","1950",NA,NA
"1316","481","SH","1951",NA,NA
"1317","481","SH","1952",NA,NA
"1318","481","SH","1953",NA,NA
"1319","481","SH","1954",NA,NA
"1320","481","SH","1955",NA,NA
"1321","481","SH","1956",NA,NA
"1322","481","SH","1957",NA,NA
"1323","481","SH","1958",NA,NA
"1324","481","SH","1959",NA,NA
"1325","481","SH","1960",NA,NA
"1326","481","SH","1961",NA,NA
"1327","481","SH","1962",NA,NA
"1328","481","SH","1963",NA,NA
"1329","481","SH","1964",NA,NA
"1330","481","SH","1965",NA,NA
"1331","481","SH","1966",NA,NA
"1332","481","SH","1967",NA,NA
"1333","481","SH","1968",NA,NA
"1334","481","SH","1969",NA,NA
"1335","481","SH","1970",NA,NA
"1336","481","SH","1971",NA,NA
"1337","481","SH","1972",NA,NA
"1338","481","SH","1973",NA,NA
"1339","481","SH","1974",NA,NA
"1340","481","SH","1975",NA,NA
"1341","481","SH","1976",NA,NA
"1342","481","SH","1977",NA,NA
"1343","481","SH","1978",NA,NA
"1344","481","SH","1979",NA,NA
"1345","481","SH","1980",NA,NA
"1346","481","SH","1981",NA,NA
"1347","481","SH","1982",NA,NA
"1348","481","SH","1983",NA,NA
"1349","481","SH","1984",NA,NA
"1350","481","SH","1985",NA,NA
"1351","481","SH","1986",NA,NA
"1352","481","SH","1987",NA,NA
"1353","481","SH","1988",NA,NA
"1354","481","SH","1989",NA,NA
"1355","481","SH","1990",NA,NA
"1356","481","SH","1991",NA,NA
"1357","481","SH","1992",NA,NA
"1358","481","SH","1993",NA,NA
"1359","481","SH","1994",NA,NA
"1360","481","SH","1995",NA,NA
"1361","481","SH","1996",NA,NA
"1362","481","SH","1997",NA,NA
"1363","481","SH","1998",NA,NA
"1364","481","SH","1999",NA,NA
"1365","481","SH","2000",NA,NA
"1366","481","SH","2001",NA,NA
"1367","481","SH","2002",NA,NA
"1368","481","SH","2003",NA,NA
"1369","481","SH","2004",NA,NA
"1370","481","SH","2005",NA,NA
"1371","481","SH","2006",NA,NA
"1372","481","SH","2007",NA,NA
"1373","481","SH","2008",NA,NA
"1374","481","SH","2009",NA,NA
"1375","481","SH","2010",NA,NA
"1376","481","SH","2011",NA,NA
"1377","481","SH","2012",NA,NA
"1378","481","SH","2013",NA,NA
"1379","481","SH","2014",NA,NA
"1380","481","SH","2015",NA,NA
"1381","481","SH","2016",NA,NA
"1382","481","SH","2017",NA,NA
"1383","481","SH","2018",NA,NA
"1384","481","SH","2019",NA,NA
"1385","481","SH","2020",NA,NA
"1386","481","SH","2021",NA,NA
"1387","481","SH","2022",NA,NA
"1388","680","SH","1950",NA,NA
"1389","680","SH","1951",NA,NA
"1390","680","SH","1952",NA,NA
"1391","680","SH","1953",NA,NA
"1392","680","SH","1954",NA,NA
"1393","680","SH","1955",NA,NA
"1394","680","SH","1956",NA,NA
"1395","680","SH","1957",NA,NA
"1396","680","SH","1958",NA,NA
"1397","680","SH","1959",NA,NA
"1398","680","SH","1960",NA,NA
"1399","680","SH","1961",NA,NA
"1400","680","SH","1962",NA,NA
"1401","680","SH","1963",NA,NA
"1402","680","SH","1964",NA,NA
"1403","680","SH","1965",NA,NA
"1404","680","SH","1966",NA,NA
"1405","680","SH","1967",NA,NA
"1406","680","SH","1968",NA,NA
"1407","680","SH","1969",NA,NA
"1408","680","SH","1970",NA,NA
"1409","680","SH","1971",NA,NA
"1410","680","SH","1972",NA,NA
"1411","680","SH","1973",NA,NA
"1412","680","SH","1974",NA,NA
"1413","680","SH","1975",NA,NA
"1414","680","SH","1976",NA,NA
"1415","680","SH","1977",NA,NA
"1416","680","SH","1978",NA,NA
"1417","680","SH","1979",NA,NA
"1418","680","SH","1980",NA,NA
"1419","680","SH","1981",NA,NA
"1420","680","SH","1982",NA,NA
"1421","680","SH","1983",NA,NA
"1422","680","SH","1984",NA,NA
"1423","680","SH","1985",NA,NA
"1424","680","SH","1986",NA,NA
"1425","680","SH","1987",NA,NA
"1426","680","SH","1988",NA,NA
"1427","680","SH","1989",NA,NA
"1428","680","SH","1990",NA,NA
"1429","680","SH","1991",NA,NA
"1430","680","SH","1992",NA,NA
"1431","680","SH","1993",NA,NA
"1432","680","SH","1994",NA,NA
"1433","680","SH","1995",NA,NA
"1434","680","SH","1996",NA,NA
"1435","680","SH","1997",NA,NA
"1436","680","SH","1998",NA,NA
"1437","680","SH","1999",NA,NA
"1438","680","SH","2000",NA,NA
"1439","680","SH","2001",NA,NA
"1440","680","SH","2002",NA,NA
"1441","680","SH","2003",NA,NA
"1442","680","SH","2004",NA,NA
"1443","680","SH","2005",NA,NA
"1444","680","SH","2006",NA,NA
"1445","680","SH","2007",NA,NA
"1446","680","SH","2008",NA,NA
"1447","680","SH","2009",NA,NA
"1448","680","SH","2010",NA,NA
"1449","680","SH","2011",NA,NA
"1450","680","SH","2012",NA,NA
"1451","680","SH","2013",NA,NA
"1452","680","SH","2014",NA,NA
"1453","680","SH","2015",NA,NA
"1454","680","SH","2016",NA,NA
"1455","680","SH","2017",NA,NA
"1456","680","SH","2018",NA,NA
"1457","680","SH","2019",NA,NA
"1458","680","SH","2020",NA,NA
"1459","680","SH","2021",NA,NA
"1460","680","SH","2022",NA,NA
"1461","681","SH","1950",NA,NA
"1462","681","SH","1951",NA,NA
"1463","681","SH","1952",NA,NA
"1464","681","SH","1953",NA,NA
"1465","681","SH","1954",NA,NA
"1466","681","SH","1955",NA,NA
"1467","681","SH","1956",NA,NA
"1468","681","SH","1957",NA,NA
"1469","681","SH","1958",NA,NA
"1470","681","SH","1959",NA,NA
"1471","681","SH","1960",NA,NA
"1472","681","SH","1961",NA,NA
"1473","681","SH","1962",NA,NA
"1474","681","SH","1963",NA,NA
"1475","681","SH","1964",NA,NA
"1476","681","SH","1965",NA,NA
"1477","681","SH","1966",NA,NA
"1478","681","SH","1967",NA,NA
"1479","681","SH","1968",NA,NA
"1480","681","SH","1969",NA,NA
"1481","681","SH","1970",NA,NA
"1482","681","SH","1971",NA,NA
"1483","681","SH","1972",NA,NA
"1484","681","SH","1973",NA,NA
"1485","681","SH","1974",NA,NA
"1486","681","SH","1975",NA,NA
"1487","681","SH","1976",NA,NA
"1488","681","SH","1977",NA,NA
"1489","681","SH","1978",NA,NA
"1490","681","SH","1979",NA,NA
"1491","681","SH","1980",NA,NA
"1492","681","SH","1981",NA,NA
"1493","681","SH","1982",NA,NA
"1494","681","SH","1983",NA,NA
"1495","681","SH","1984",NA,NA
"1496","681","SH","1985",NA,NA
"1497","681","SH","1986",NA,NA
"1498","681","SH","1987",NA,NA
"1499","681","SH","1988",NA,NA
"1500","681","SH","1989",NA,NA
"1501","681","SH","1990",NA,NA
"1502","681","SH","1991",NA,NA
"1503","681","SH","1992",NA,NA
"1504","681","SH","1993",NA,NA
"1505","681","SH","1994",NA,NA
"1506","681","SH","1995",NA,NA
"1507","681","SH","1996",NA,NA
"1508","681","SH","1997",NA,NA
"1509","681","SH","1998",NA,NA
"1510","681","SH","1999",NA,NA
"1511","681","SH","2000",NA,NA
"1512","681","SH","2001",NA,NA
"1513","681","SH","2002",NA,NA
"1514","681","SH","2003",NA,NA
"1515","681","SH","2004",NA,NA
"1516","681","SH","2005",NA,NA
"1517","681","SH","2006",NA,NA
"1518","681","SH","2007",NA,NA
"1519","681","SH","2008",NA,NA
"1520","681","SH","2009",NA,NA
"1521","681","SH","2010",NA,NA
"1522","681","SH","2011",NA,NA
"1523","681","SH","2012",NA,NA
"1524","681","SH","2013",NA,NA
"1525","681","SH","2014",NA,NA
"1526","681","SH","2015",NA,NA
"1527","681","SH","2016",NA,NA
"1528","681","SH","2017",NA,NA
"1529","681","SH","2018",NA,NA
"1530","681","SH","2019",NA,NA
"1531","681","SH","2020",NA,NA
"1532","681","SH","2021",NA,NA
"1533","681","SH","2022",NA,NA
"1534","682","SH","1950",NA,NA
"1535","682","SH","1951",NA,NA
"1536","682","SH","1952",NA,NA
"1537","682","SH","1953",NA,NA
"1538","682","SH","1954",NA,NA
"1539","682","SH","1955",NA,NA
"1540","682","SH","1956",NA,NA
"1541","682","SH","1957",NA,NA
"1542","682","SH","1958",NA,NA
"1543","682","SH","1959",NA,NA
"1544","682","SH","1960",NA,NA
"1545","682","SH","1961",NA,NA
"1546","682","SH","1962",NA,NA
"1547","682","SH","1963",NA,NA
"1548","682","SH","1964",NA,NA
"1549","682","SH","1965",NA,NA
"1550","682","SH","1966",NA,NA
"1551","682","SH","1967",NA,NA
"1552","682","SH","1968",NA,NA
"1553","682","SH","1969",NA,NA
"1554","682","SH","1970",NA,NA
"1555","682","SH","1971",NA,NA
"1556","682","SH","1972",NA,NA
"1557","682","SH","1973",NA,NA
"1558","682","SH","1974",NA,NA
"1559","682","SH","1975",NA,NA
"1560","682","SH","1976",NA,NA
"1561","682","SH","1977",NA,NA
"1562","682","SH","1978",NA,NA
"1563","682","SH","1979",NA,NA
"1564","682","SH","1980",NA,NA
"1565","682","SH","1981",NA,NA
"1566","682","SH","1982",NA,NA
"1567","682","SH","1983",NA,NA
"1568","682","SH","1984",NA,NA
"1569","682","SH","1985",NA,NA
"1570","682","SH","1986",NA,NA
"1571","682","SH","1987",NA,NA
"1572","682","SH","1988",NA,NA
"1573","682","SH","1989",NA,NA
"1574","682","SH","1990",NA,NA
"1575","682","SH","1991",NA,NA
"1576","682","SH","1992",NA,NA
"1577","682","SH","1993",NA,NA
"1578","682","SH","1994",NA,NA
"1579","682","SH","1995",NA,NA
"1580","682","SH","1996",NA,NA
"1581","682","SH","1997",NA,NA
"1582","682","SH","1998",NA,NA
"1583","682","SH","1999",NA,NA
"1584","682","SH","2000",NA,NA
"1585","682","SH","2001",NA,NA
"1586","682","SH","2002",NA,NA
"1587","682","SH","2003",NA,NA
"1588","682","SH","2004",NA,NA
"1589","682","SH","2005",NA,NA
"1590","682","SH","2006",NA,NA
"1591","682","SH","2007",NA,NA
"1592","682","SH","2008",NA,NA
"1593","682","SH","2009",NA,NA
"1594","682","SH","2010",NA,NA
"1595","682","SH","2011",NA,NA
"1596","682","SH","2012",NA,NA
"1597","682","SH","2013",NA,NA
"1598","682","SH","2014",NA,NA
"1599","682","SH","2015",NA,NA
"1600","682","SH","2016",NA,NA
"1601","682","SH","2017",NA,NA
"1602","682","SH","2018",NA,NA
"1603","682","SH","2019",NA,NA
"1604","682","SH","2020",NA,NA
"1605","682","SH","2021",NA,NA
"1606","682","SH","2022",NA,NA
"1607","683","SH","1950",NA,NA
"1608","683","SH","1951",NA,NA
"1609","683","SH","1952",NA,NA
"1610","683","SH","1953",NA,NA
"1611","683","SH","1954",NA,NA
"1612","683","SH","1955",NA,NA
"1613","683","SH","1956",NA,NA
"1614","683","SH","1957",NA,NA
"1615","683","SH","1958",NA,NA
"1616","683","SH","1959",NA,NA
"1617","683","SH","1960",NA,NA
"1618","683","SH","1961",NA,NA
"1619","683","SH","1962",NA,NA
"1620","683","SH","1963",NA,NA
"1621","683","SH","1964",NA,NA
"1622","683","SH","1965",NA,NA
"1623","683","SH","1966",NA,NA
"1624","683","SH","1967",NA,NA
"1625","683","SH","1968",NA,NA
"1626","683","SH","1969",NA,NA
"1627","683","SH","1970",NA,NA
"1628","683","SH","1971",NA,NA
"1629","683","SH","1972",NA,NA
"1630","683","SH","1973",NA,NA
"1631","683","SH","1974",NA,NA
"1632","683","SH","1975",NA,NA
"1633","683","SH","1976",NA,NA
"1634","683","SH","1977",NA,NA
"1635","683","SH","1978",NA,NA
"1636","683","SH","1979",NA,NA
"1637","683","SH","1980",NA,NA
"1638","683","SH","1981",NA,NA
"1639","683","SH","1982",NA,NA
"1640","683","SH","1983",NA,NA
"1641","683","SH","1984",NA,NA
"1642","683","SH","1985",NA,NA
"1643","683","SH","1986",NA,NA
"1644","683","SH","1987",NA,NA
"1645","683","SH","1988",NA,NA
"1646","683","SH","1989",NA,NA
"1647","683","SH","1990",NA,NA
"1648","683","SH","1991",NA,NA
"1649","683","SH","1992",NA,NA
"1650","683","SH","1993",NA,NA
"1651","683","SH","1994",NA,NA
"1652","683","SH","1995",NA,NA
"1653","683","SH","1996",NA,NA
"1654","683","SH","1997",NA,NA
"1655","683","SH","1998",NA,NA
"1656","683","SH","1999",NA,NA
"1657","683","SH","2000",NA,NA
"1658","683","SH","2001",NA,NA
"1659","683","SH","2002",NA,NA
"1660","683","SH","2003",NA,NA
"1661","683","SH","2004",NA,NA
"1662","683","SH","2005",NA,NA
"1663","683","SH","2006",NA,NA
"1664","683","SH","2007",NA,NA
"1665","683","SH","2008",NA,NA
"1666","683","SH","2009",NA,NA
"1667","683","SH","2010",NA,NA
"1668","683","SH","2011",NA,NA
"1669","683","SH","2012",NA,NA
"1670","683","SH","2013",NA,NA
"1671","683","SH","2014",NA,NA
"1672","683","SH","2015",NA,NA
"1673","683","SH","2016",NA,NA
"1674","683","SH","2017",NA,NA
"1675","683","SH","2018",NA,NA
"1676","683","SH","2019",NA,NA
"1677","683","SH","2020",NA,NA
"1678","683","SH","2021",NA,NA
"1679","683","SH","2022",NA,NA
"1680","780","SH","1950",NA,NA
"1681","780","SH","1951",NA,NA
"1682","780","SH","1952",NA,NA
"1683","780","SH","1953",NA,NA
"1684","780","SH","1954",NA,NA
"1685","780","SH","1955",NA,NA
"1686","780","SH","1956",NA,NA
"1687","780","SH","1957",NA,NA
"1688","780","SH","1958",NA,NA
"1689","780","SH","1959",NA,NA
"1690","780","SH","1960",NA,NA
"1691","780","SH","1961",NA,NA
"1692","780","SH","1962",NA,NA
"1693","780","SH","1963",NA,NA
"1694","780","SH","1964",NA,NA
"1695","780","SH","1965",NA,NA
"1696","780","SH","1966",NA,NA
"1697","780","SH","1967",NA,NA
"1698","780","SH","1968",NA,NA
"1699","780","SH","1969",NA,NA
"1700","780","SH","1970",NA,NA
"1701","780","SH","1971",NA,NA
"1702","780","SH","1972",NA,NA
"1703","780","SH","1973",NA,NA
"1704","780","SH","1974",NA,NA
"1705","780","SH","1975",NA,NA
"1706","780","SH","1976",NA,NA
"1707","780","SH","1977",NA,NA
"1708","780","SH","1978",NA,NA
"1709","780","SH","1979",NA,NA
"1710","780","SH","1980",NA,NA
"1711","780","SH","1981",NA,NA
"1712","780","SH","1982",NA,NA
"1713","780","SH","1983",NA,NA
"1714","780","SH","1984",NA,NA
"1715","780","SH","1985",NA,NA
"1716","780","SH","1986",NA,NA
"1717","780","SH","1987",NA,NA
"1718","780","SH","1988",NA,NA
"1719","780","SH","1989",NA,NA
"1720","780","SH","1990",NA,NA
"1721","780","SH","1991",NA,NA
"1722","780","SH","1992",NA,NA
"1723","780","SH","1993",NA,NA
"1724","780","SH","1994",NA,NA
"1725","780","SH","1995",NA,NA
"1726","780","SH","1996",NA,NA
"1727","780","SH","1997",NA,NA
"1728","780","SH","1998",NA,NA
"1729","780","SH","1999",NA,NA
"1730","780","SH","2000",NA,NA
"1731","780","SH","2001",NA,NA
"1732","780","SH","2002",NA,NA
"1733","780","SH","2003",NA,NA
"1734","780","SH","2004",NA,NA
"1735","780","SH","2005",NA,NA
"1736","780","SH","2006",NA,NA
"1737","780","SH","2007",NA,NA
"1738","780","SH","2008",NA,NA
"1739","780","SH","2009",NA,NA
"1740","780","SH","2010",NA,NA
"1741","780","SH","2011",NA,NA
"1742","780","SH","2012",NA,NA
"1743","780","SH","2013",NA,NA
"1744","780","SH","2014",NA,NA
"1745","780","SH","2015",NA,NA
"1746","780","SH","2016",NA,NA
"1747","780","SH","2017",NA,NA
"1748","780","SH","2018",NA,NA
"1749","780","SH","2019",NA,NA
"1750","780","SH","2020",NA,NA
"1751","780","SH","2021",NA,NA
"1752","780","SH","2022",NA,NA
"1753","781","SH","1950",NA,NA
"1754","781","SH","1951",NA,NA
"1755","781","SH","1952",NA,NA
"1756","781","SH","1953",NA,NA
"1757","781","SH","1954",NA,NA
"1758","781","SH","1955",NA,NA
"1759","781","SH","1956",NA,NA
"1760","781","SH","1957",NA,NA
"1761","781","SH","1958",NA,NA
"1762","781","SH","1959",NA,NA
"1763","781","SH","1960",NA,NA
"1764","781","SH","1961",NA,NA
"1765","781","SH","1962",NA,NA
"1766","781","SH","1963",NA,NA
"1767","781","SH","1964",NA,NA
"1768","781","SH","1965",NA,NA
"1769","781","SH","1966",NA,NA
"1770","781","SH","1967",NA,NA
"1771","781","SH","1968",NA,NA
"1772","781","SH","1969",NA,NA
"1773","781","SH","1970",NA,NA
"1774","781","SH","1971",NA,NA
"1775","781","SH","1972",NA,NA
"1776","781","SH","1973",NA,NA
"1777","781","SH","1974",NA,NA
"1778","781","SH","1975",NA,NA
"1779","781","SH","1976",NA,NA
"1780","781","SH","1977",NA,NA
"1781","781","SH","1978",NA,NA
"1782","781","SH","1979",NA,NA
"1783","781","SH","1980",NA,NA
"1784","781","SH","1981",NA,NA
"1785","781","SH","1982",NA,NA
"1786","781","SH","1983",NA,NA
"1787","781","SH","1984",NA,NA
"1788","781","SH","1985",NA,NA
"1789","781","SH","1986",NA,NA
"1790","781","SH","1987",NA,NA
"1791","781","SH","1988",NA,NA
"1792","781","SH","1989",NA,NA
"1793","781","SH","1990",NA,NA
"1794","781","SH","1991",NA,NA
"1795","781","SH","1992",NA,NA
"1796","781","SH","1993",NA,NA
"1797","781","SH","1994",NA,NA
"1798","781","SH","1995",NA,NA
"1799","781","SH","1996",NA,NA
"1800","781","SH","1997",NA,NA
"1801","781","SH","1998",NA,NA
"1802","781","SH","1999",NA,NA
"1803","781","SH","2000",NA,NA
"1804","781","SH","2001",NA,NA
"1805","781","SH","2002",NA,NA
"1806","781","SH","2003",NA,NA
"1807","781","SH","2004",NA,NA
"1808","781","SH","2005",NA,NA
"1809","781","SH","2006",NA,NA
"1810","781","SH","2007",NA,NA
"1811","781","SH","2008",NA,NA
"1812","781","SH","2009",NA,NA
"1813","781","SH","2010",NA,NA
"1814","781","SH","2011",NA,NA
"1815","781","SH","2012",NA,NA
"1816","781","SH","2013",NA,NA
"1817","781","SH","2014",NA,NA
"1818","781","SH","2015",NA,NA
"1819","781","SH","2016",NA,NA
"1820","781","SH","2017",NA,NA
"1821","781","SH","2018",NA,NA
"1822","781","SH","2019",NA,NA
"1823","781","SH","2020",NA,NA
"1824","781","SH","2021",NA,NA
"1825","781","SH","2022",NA,NA
"1826","782","SH","1950",NA,NA
"1827","782","SH","1951",NA,NA
"1828","782","SH","1952",NA,NA
"1829","782","SH","1953",NA,NA
"1830","782","SH","1954",NA,NA
"1831","782","SH","1955",NA,NA
"1832","782","SH","1956",NA,NA
"1833","782","SH","1957",NA,NA
"1834","782","SH","1958",NA,NA
"1835","782","SH","1959",NA,NA
"1836","782","SH","1960",NA,NA
"1837","782","SH","1961",NA,NA
"1838","782","SH","1962",NA,NA
"1839","782","SH","1963",NA,NA
"1840","782","SH","1964",NA,NA
"1841","782","SH","1965",NA,NA
"1842","782","SH","1966",NA,NA
"1843","782","SH","1967",NA,NA
"1844","782","SH","1968",NA,NA
"1845","782","SH","1969",NA,NA
"1846","782","SH","1970",NA,NA
"1847","782","SH","1971",NA,NA
"1848","782","SH","1972",NA,NA
"1849","782","SH","1973",NA,NA
"1850","782","SH","1974",NA,NA
"1851","782","SH","1975",NA,NA
"1852","782","SH","1976",NA,NA
"1853","782","SH","1977",NA,NA
"1854","782","SH","1978",NA,NA
"1855","782","SH","1979",NA,NA
"1856","782","SH","1980",NA,NA
"1857","782","SH","1981",NA,NA
"1858","782","SH","1982",NA,NA
"1859","782","SH","1983",NA,NA
"1860","782","SH","1984",NA,NA
"1861","782","SH","1985",NA,NA
"1862","782","SH","1986",NA,NA
"1863","782","SH","1987",NA,NA
"1864","782","SH","1988",NA,NA
"1865","782","SH","1989",NA,NA
"1866","782","SH","1990",NA,NA
"1867","782","SH","1991",NA,NA
"1868","782","SH","1992",NA,NA
"1869","782","SH","1993",NA,NA
"1870","782","SH","1994",NA,NA
"1871","782","SH","1995",NA,NA
"1872","782","SH","1996",NA,NA
"1873","782","SH","1997",NA,NA
"1874","782","SH","1998",NA,NA
"1875","782","SH","1999",NA,NA
"1876","782","SH","2000",NA,NA
"1877","782","SH","2001",NA,NA
"1878","782","SH","2002",NA,NA
"1879","782","SH","2003",NA,NA
"1880","782","SH","2004",NA,NA
"1881","782","SH","2005",NA,NA
"1882","782","SH","2006",NA,NA
"1883","782","SH","2007",NA,NA
"1884","782","SH","2008",NA,NA
"1885","782","SH","2009",NA,NA
"1886","782","SH","2010",NA,NA
"1887","782","SH","2011",NA,NA
"1888","782","SH","2012",NA,NA
"1889","782","SH","2013",NA,NA
"1890","782","SH","2014",NA,NA
"1891","782","SH","2015",NA,NA
"1892","782","SH","2016",NA,NA
"1893","782","SH","2017",NA,NA
"1894","782","SH","2018",NA,NA
"1895","782","SH","2019",NA,NA
"1896","782","SH","2020",NA,NA
"1897","782","SH","2021",NA,NA
"1898","782","SH","2022",NA,NA
"1899","783","SH","1950",NA,NA
"1900","783","SH","1951",NA,NA
"1901","783","SH","1952",NA,NA
"1902","783","SH","1953",NA,NA
"1903","783","SH","1954",NA,NA
"1904","783","SH","1955",NA,NA
"1905","783","SH","1956",NA,NA
"1906","783","SH","1957",NA,NA
"1907","783","SH","1958",NA,NA
"1908","783","SH","1959",NA,NA
"1909","783","SH","1960",NA,NA
"1910","783","SH","1961",NA,NA
"1911","783","SH","1962",NA,NA
"1912","783","SH","1963",NA,NA
"1913","783","SH","1964",NA,NA
"1914","783","SH","1965",NA,NA
"1915","783","SH","1966",NA,NA
"1916","783","SH","1967",NA,NA
"1917","783","SH","1968",NA,NA
"1918","783","SH","1969",NA,NA
"1919","783","SH","1970",NA,NA
"1920","783","SH","1971",NA,NA
"1921","783","SH","1972",NA,NA
"1922","783","SH","1973",NA,NA
"1923","783","SH","1974",NA,NA
"1924","783","SH","1975",NA,NA
"1925","783","SH","1976",NA,NA
"1926","783","SH","1977",NA,NA
"1927","783","SH","1978",NA,NA
"1928","783","SH","1979",NA,NA
"1929","783","SH","1980",NA,NA
"1930","783","SH","1981",NA,NA
"1931","783","SH","1982",NA,NA
"1932","783","SH","1983",NA,NA
"1933","783","SH","1984",NA,NA
"1934","783","SH","1985",NA,NA
"1935","783","SH","1986",NA,NA
"1936","783","SH","1987",NA,NA
"1937","783","SH","1988",NA,NA
"1938","783","SH","1989",NA,NA
"1939","783","SH","1990",NA,NA
"1940","783","SH","1991",NA,NA
"1941","783","SH","1992",NA,NA
"1942","783","SH","1993",NA,NA
"1943","783","SH","1994",NA,NA
"1944","783","SH","1995",NA,NA
"1945","783","SH","1996",NA,NA
"1946","783","SH","1997",NA,NA
"1947","783","SH","1998",NA,NA
"1948","783","SH","1999",NA,NA
"1949","783","SH","2000",NA,NA
"1950","783","SH","2001",NA,NA
"1951","783","SH","2002",NA,NA
"1952","783","SH","2003",NA,NA
"1953","783","SH","2004",NA,NA
"1954","783","SH","2005",NA,NA
"1955","783","SH","2006",NA,NA
"1956","783","SH","2007",NA,NA
"1957","783","SH","2008",NA,NA
"1958","783","SH","2009",NA,NA
"1959","783","SH","2010",NA,NA
"1960","783","SH","2011",NA,NA
"1961","783","SH","2012",NA,NA
"1962","783","SH","2013",NA,NA
"1963","783","SH","2014",NA,NA
"1964","783","SH","2015",NA,NA
"1965","783","SH","2016",NA,NA
"1966","783","SH","2017",NA,NA
"1967","783","SH","2018",NA,NA
"1968","783","SH","2019",NA,NA
"1969","783","SH","2020",NA,NA
"1970","783","SH","2021",NA,NA
"1971","783","SH","2022",NA,NA
"1972","784","SH","1950",NA,NA
"1973","784","SH","1951",NA,NA
"1974","784","SH","1952",NA,NA
"1975","784","SH","1953",NA,NA
"1976","784","SH","1954",NA,NA
"1977","784","SH","1955",NA,NA
"1978","784","SH","1956",NA,NA
"1979","784","SH","1957",NA,NA
"1980","784","SH","1958",NA,NA
"1981","784","SH","1959",NA,NA
"1982","784","SH","1960",NA,NA
"1983","784","SH","1961",NA,NA
"1984","784","SH","1962",NA,NA
"1985","784","SH","1963",NA,NA
"1986","784","SH","1964",NA,NA
"1987","784","SH","1965",NA,NA
"1988","784","SH","1966",NA,NA
"1989","784","SH","1967",NA,NA
"1990","784","SH","1968",NA,NA
"1991","784","SH","1969",NA,NA
"1992","784","SH","1970",NA,NA
"1993","784","SH","1971",NA,NA
"1994","784","SH","1972",NA,NA
"1995","784","SH","1973",NA,NA
"1996","784","SH","1974",NA,NA
"1997","784","SH","1975",NA,NA
"1998","784","SH","1976",NA,NA
"1999","784","SH","1977",NA,NA
"2000","784","SH","1978",NA,NA
"2001","784","SH","1979",NA,NA
"2002","784","SH","1980",NA,NA
"2003","784","SH","1981",NA,NA
"2004","784","SH","1982",NA,NA
"2005","784","SH","1983",NA,NA
"2006","784","SH","1984",NA,NA
"2007","784","SH","1985",NA,NA
"2008","784","SH","1986",NA,NA
"2009","784","SH","1987",NA,NA
"2010","784","SH","1988",NA,NA
"2011","784","SH","1989",NA,NA
"2012","784","SH","1990",NA,NA
"2013","784","SH","1991",NA,NA
"2014","784","SH","1992",NA,NA
"2015","784","SH","1993",NA,NA
"2016","784","SH","1994",NA,NA
"2017","784","SH","1995",NA,NA
"2018","784","SH","1996",NA,NA
"2019","784","SH","1997",NA,NA
"2020","784","SH","1998",NA,NA
"2021","784","SH","1999",NA,NA
"2022","784","SH","2000",NA,NA
"2023","784","SH","2001",NA,NA
"2024","784","SH","2002",NA,NA
"2025","784","SH","2003",NA,NA
"2026","784","SH","2004",NA,NA
"2027","784","SH","2005",NA,NA
"2028","784","SH","2006",NA,NA
"2029","784","SH","2007",NA,NA
"2030","784","SH","2008",NA,NA
"2031","784","SH","2009",NA,NA
"2032","784","SH","2010",NA,NA
"2033","784","SH","2011",NA,NA
"2034","784","SH","2012",NA,NA
"2035","784","SH","2013",NA,NA
"2036","784","SH","2014",NA,NA
"2037","784","SH","2015",NA,NA
"2038","784","SH","2016",NA,NA
"2039","784","SH","2017",NA,NA
"2040","784","SH","2018",NA,NA
"2041","784","SH","2019",NA,NA
"2042","784","SH","2020",NA,NA
"2043","784","SH","2021",NA,NA
"2044","784","SH","2022",NA,NA
"2045","785","SH","1950",NA,NA
"2046","785","SH","1951",NA,NA
"2047","785","SH","1952",NA,NA
"2048","785","SH","1953",NA,NA
"2049","785","SH","1954",NA,NA
"2050","785","SH","1955",NA,NA
"2051","785","SH","1956",NA,NA
"2052","785","SH","1957",NA,NA
"2053","785","SH","1958",NA,NA
"2054","785","SH","1959",NA,NA
"2055","785","SH","1960",NA,NA
"2056","785","SH","1961",NA,NA
"2057","785","SH","1962",NA,NA
"2058","785","SH","1963",NA,NA
"2059","785","SH","1964",NA,NA
"2060","785","SH","1965",NA,NA
"2061","785","SH","1966",NA,NA
"2062","785","SH","1967",NA,NA
"2063","785","SH","1968",NA,NA
"2064","785","SH","1969",NA,NA
"2065","785","SH","1970",NA,NA
"2066","785","SH","1971",NA,NA
"2067","785","SH","1972",NA,NA
"2068","785","SH","1973",NA,NA
"2069","785","SH","1974",NA,NA
"2070","785","SH","1975",NA,NA
"2071","785","SH","1976",NA,NA
"2072","785","SH","1977",NA,NA
"2073","785","SH","1978",NA,NA
"2074","785","SH","1979",NA,NA
"2075","785","SH","1980",NA,NA
"2076","785","SH","1981",NA,NA
"2077","785","SH","1982",NA,NA
"2078","785","SH","1983",NA,NA
"2079","785","SH","1984",NA,NA
"2080","785","SH","1985",NA,NA
"2081","785","SH","1986",NA,NA
"2082","785","SH","1987",NA,NA
"2083","785","SH","1988",NA,NA
"2084","785","SH","1989",NA,NA
"2085","785","SH","1990",NA,NA
"2086","785","SH","1991",NA,NA
"2087","785","SH","1992",NA,NA
"2088","785","SH","1993",NA,NA
"2089","785","SH","1994",NA,NA
"2090","785","SH","1995",NA,NA
"2091","785","SH","1996",NA,NA
"2092","785","SH","1997",NA,NA
"2093","785","SH","1998",NA,NA
"2094","785","SH","1999",NA,NA
"2095","785","SH","2000",NA,NA
"2096","785","SH","2001",NA,NA
"2097","785","SH","2002",NA,NA
"2098","785","SH","2003",NA,NA
"2099","785","SH","2004",NA,NA
"2100","785","SH","2005",NA,NA
"2101","785","SH","2006",NA,NA
"2102","785","SH","2007",NA,NA
"2103","785","SH","2008",NA,NA
"2104","785","SH","2009",NA,NA
"2105","785","SH","2010",NA,NA
"2106","785","SH","2011",NA,NA
"2107","785","SH","2012",NA,NA
"2108","785","SH","2013",NA,NA
"2109","785","SH","2014",NA,NA
"2110","785","SH","2015",NA,NA
"2111","785","SH","2016",NA,NA
"2112","785","SH","2017",NA,NA
"2113","785","SH","2018",NA,NA
"2114","785","SH","2019",NA,NA
"2115","785","SH","2020",NA,NA
"2116","785","SH","2021",NA,NA
"2117","785","SH","2022",NA,NA
"2118","880","SH","1950",NA,NA
"2119","880","SH","1951",NA,NA
"2120","880","SH","1952",NA,NA
"2121","880","SH","1953",NA,NA
"2122","880","SH","1954",NA,NA
"2123","880","SH","1955",NA,NA
"2124","880","SH","1956",NA,NA
"2125","880","SH","1957",NA,NA
"2126","880","SH","1958",NA,NA
"2127","880","SH","1959",NA,NA
"2128","880","SH","1960",NA,NA
"2129","880","SH","1961",NA,NA
"2130","880","SH","1962",NA,NA
"2131","880","SH","1963",NA,NA
"2132","880","SH","1964",NA,NA
"2133","880","SH","1965",NA,NA
"2134","880","SH","1966",NA,NA
"2135","880","SH","1967",NA,NA
"2136","880","SH","1968",NA,NA
"2137","880","SH","1969",NA,NA
"2138","880","SH","1970",NA,NA
"2139","880","SH","1971",NA,NA
"2140","880","SH","1972",NA,NA
"2141","880","SH","1973",NA,NA
"2142","880","SH","1974",NA,NA
"2143","880","SH","1975",NA,NA
"2144","880","SH","1976",NA,NA
"2145","880","SH","1977",NA,NA
"2146","880","SH","1978",NA,NA
"2147","880","SH","1979",NA,NA
"2148","880","SH","1980",NA,NA
"2149","880","SH","1981",NA,NA
"2150","880","SH","1982",NA,NA
"2151","880","SH","1983",NA,NA
"2152","880","SH","1984",NA,NA
"2153","880","SH","1985",NA,NA
"2154","880","SH","1986",NA,NA
"2155","880","SH","1987",NA,NA
"2156","880","SH","1988",NA,NA
"2157","880","SH","1989",NA,NA
"2158","880","SH","1990",NA,NA
"2159","880","SH","1991",NA,NA
"2160","880","SH","1992",NA,NA
"2161","880","SH","1993",NA,NA
"2162","880","SH","1994",NA,NA
"2163","880","SH","1995",NA,NA
"2164","880","SH","1996",NA,NA
"2165","880","SH","1997",NA,NA
"2166","880","SH","1998",NA,NA
"2167","880","SH","1999",NA,NA
"2168","880","SH","2000",NA,NA
"2169","880","SH","2001",NA,NA
"2170","880","SH","2002",NA,NA
"2171","880","SH","2003",NA,NA
"2172","880","SH","2004",NA,NA
"2173","880","SH","2005",NA,NA
"2174","880","SH","2006",NA,NA
"2175","880","SH","2007",NA,NA
"2176","880","SH","2008",NA,NA
"2177","880","SH","2009",NA,NA
"2178","880","SH","2010",NA,NA
"2179","880","SH","2011",NA,NA
"2180","880","SH","2012",NA,NA
"2181","880","SH","2013",NA,NA
"2182","880","SH","2014",NA,NA
"2183","880","SH","2015",NA,NA
"2184","880","SH","2016",NA,NA
"2185","880","SH","2017",NA,NA
"2186","880","SH","2018",NA,NA
"2187","880","SH","2019",NA,NA
"2188","880","SH","2020",NA,NA
"2189","880","SH","2021",NA,NA
"2190","880","SH","2022",NA,NA
"2191","980","SH","1950",NA,NA
"2192","980","SH","1951",NA,NA
"2193","980","SH","1952",NA,NA
"2194","980","SH","1953",NA,NA
"2195","980","SH","1954",NA,NA
"2196","980","SH","1955",NA,NA
"2197","980","SH","1956",NA,NA
"2198","980","SH","1957",NA,NA
"2199","980","SH","1958",NA,NA
"2200","980","SH","1959",NA,NA
"2201","980","SH","1960",NA,NA
"2202","980","SH","1961",NA,NA
"2203","980","SH","1962",NA,NA
"2204","980","SH","1963",NA,NA
"2205","980","SH","1964",NA,NA
"2206","980","SH","1965",NA,NA
"2207","980","SH","1966",NA,NA
"2208","980","SH","1967",NA,NA
"2209","980","SH","1968",NA,NA
"2210","980","SH","1969",NA,NA
"2211","980","SH","1970",NA,NA
"2212","980","SH","1971",NA,NA
"2213","980","SH","1972",NA,NA
"2214","980","SH","1973",NA,NA
"2215","980","SH","1974",NA,NA
"2216","980","SH","1975",NA,NA
"2217","980","SH","1976",NA,NA
"2218","980","SH","1977",NA,NA
"2219","980","SH","1978",NA,NA
"2220","980","SH","1979",NA,NA
"2221","980","SH","1980",NA,NA
"2222","980","SH","1981",NA,NA
"2223","980","SH","1982",NA,NA
"2224","980","SH","1983",NA,NA
"2225","980","SH","1984",NA,NA
"2226","980","SH","1985",NA,NA
"2227","980","SH","1986",NA,NA
"2228","980","SH","1987",NA,NA
"2229","980","SH","1988",NA,NA
"2230","980","SH","1989",NA,NA
"2231","980","SH","1990",NA,NA
"2232","980","SH","1991",NA,NA
"2233","980","SH","1992",NA,NA
"2234","980","SH","1993",NA,NA
"2235","980","SH","1994",NA,NA
"2236","980","SH","1995",NA,NA
"2237","980","SH","1996",NA,NA
"2238","980","SH","1997",NA,NA
"2239","980","SH","1998",NA,NA
"2240","980","SH","1999",NA,NA
"2241","980","SH","2000",NA,NA
"2242","980","SH","2001",NA,NA
"2243","980","SH","2002",NA,NA
"2244","980","SH","2003",NA,NA
"2245","980","SH","2004",NA,NA
"2246","980","SH","2005",NA,NA
"2247","980","SH","2006",NA,NA
"2248","980","SH","2007",NA,NA
"2249","980","SH","2008",NA,NA
"2250","980","SH","2009",NA,NA
"2251","980","SH","2010",NA,NA
"2252","980","SH","2011",NA,NA
"2253","980","SH","2012",NA,NA
"2254","980","SH","2013",NA,NA
"2255","980","SH","2014",NA,NA
"2256","980","SH","2015",NA,NA
"2257","980","SH","2016",NA,NA
"2258","980","SH","2017",NA,NA
"2259","980","SH","2018",NA,NA
"2260","980","SH","2019",NA,NA
"2261","980","SH","2020",NA,NA
"2262","980","SH","2021",NA,NA
"2263","980","SH","2022",NA,NA
"2264","981","SH","1950",NA,NA
"2265","981","SH","1951",NA,NA
"2266","981","SH","1952",NA,NA
"2267","981","SH","1953",NA,NA
"2268","981","SH","1954",NA,NA
"2269","981","SH","1955",NA,NA
"2270","981","SH","1956",NA,NA
"2271","981","SH","1957",NA,NA
"2272","981","SH","1958",NA,NA
"2273","981","SH","1959",NA,NA
"2274","981","SH","1960",NA,NA
"2275","981","SH","1961",NA,NA
"2276","981","SH","1962",NA,NA
"2277","981","SH","1963",NA,NA
"2278","981","SH","1964",NA,NA
"2279","981","SH","1965",NA,NA
"2280","981","SH","1966",NA,NA
"2281","981","SH","1967",NA,NA
"2282","981","SH","1968",NA,NA
"2283","981","SH","1969",NA,NA
"2284","981","SH","1970",NA,NA
"2285","981","SH","1971",NA,NA
"2286","981","SH","1972",NA,NA
"2287","981","SH","1973",NA,NA
"2288","981","SH","1974",NA,NA
"2289","981","SH","1975",NA,NA
"2290","981","SH","1976",NA,NA
"2291","981","SH","1977",NA,NA
"2292","981","SH","1978",NA,NA
"2293","981","SH","1979",NA,NA
"2294","981","SH","1980",NA,NA
"2295","981","SH","1981",NA,NA
"2296","981","SH","1982",NA,NA
"2297","981","SH","1983",NA,NA
"2298","981","SH","1984",NA,NA
"2299","981","SH","1985",NA,NA
"2300","981","SH","1986",NA,NA
"2301","981","SH","1987",NA,NA
"2302","981","SH","1988",NA,NA
"2303","981","SH","1989",NA,NA
"2304","981","SH","1990",NA,NA
"2305","981","SH","1991",NA,NA
"2306","981","SH","1992",NA,NA
"2307","981","SH","1993",NA,NA
"2308","981","SH","1994",NA,NA
"2309","981","SH","1995",NA,NA
"2310","981","SH","1996",NA,NA
"2311","981","SH","1997",NA,NA
"2312","981","SH","1998",NA,NA
"2313","981","SH","1999",NA,NA
"2314","981","SH","2000",NA,NA
"2315","981","SH","2001",NA,NA
"2316","981","SH","2002",NA,NA
"2317","981","SH","2003",NA,NA
"2318","981","SH","2004",NA,NA
"2319","981","SH","2005",NA,NA
"2320","981","SH","2006",NA,NA
"2321","981","SH","2007",NA,NA
"2322","981","SH","2008",NA,NA
"2323","981","SH","2009",NA,NA
"2324","981","SH","2010",NA,NA
"2325","981","SH","2011",NA,NA
"2326","981","SH","2012",NA,NA
"2327","981","SH","2013",NA,NA
"2328","981","SH","2014",NA,NA
"2329","981","SH","2015",NA,NA
"2330","981","SH","2016",NA,NA
"2331","981","SH","2017",NA,NA
"2332","981","SH","2018",NA,NA
"2333","981","SH","2019",NA,NA
"2334","981","SH","2020",NA,NA
"2335","981","SH","2021",NA,NA
"2336","981","SH","2022",NA,NA
"2337","982","SH","1950",NA,NA
"2338","982","SH","1951",NA,NA
"2339","982","SH","1952",NA,NA
"2340","982","SH","1953",NA,NA
"2341","982","SH","1954",NA,NA
"2342","982","SH","1955",NA,NA
"2343","982","SH","1956",NA,NA
"2344","982","SH","1957",NA,NA
"2345","982","SH","1958",NA,NA
"2346","982","SH","1959",NA,NA
"2347","982","SH","1960",NA,NA
"2348","982","SH","1961",NA,NA
"2349","982","SH","1962",NA,NA
"2350","982","SH","1963",NA,NA
"2351","982","SH","1964",NA,NA
"2352","982","SH","1965",NA,NA
"2353","982","SH","1966",NA,NA
"2354","982","SH","1967",NA,NA
"2355","982","SH","1968",NA,NA
"2356","982","SH","1969",NA,NA
"2357","982","SH","1970",NA,NA
"2358","982","SH","1971",NA,NA
"2359","982","SH","1972",NA,NA
"2360","982","SH","1973",NA,NA
"2361","982","SH","1974",NA,NA
"2362","982","SH","1975",NA,NA
"2363","982","SH","1976",NA,NA
"2364","982","SH","1977",NA,NA
"2365","982","SH","1978",NA,NA
"2366","982","SH","1979",NA,NA
"2367","982","SH","1980",NA,NA
"2368","982","SH","1981",NA,NA
"2369","982","SH","1982",NA,NA
"2370","982","SH","1983",NA,NA
"2371","982","SH","1984",NA,NA
"2372","982","SH","1985",NA,NA
"2373","982","SH","1986",NA,NA
"2374","982","SH","1987",NA,NA
"2375","982","SH","1988",NA,NA
"2376","982","SH","1989",NA,NA
"2377","982","SH","1990",NA,NA
"2378","982","SH","1991",NA,NA
"2379","982","SH","1992",NA,NA
"2380","982","SH","1993",NA,NA
"2381","982","SH","1994",NA,NA
"2382","982","SH","1995",NA,NA
"2383","982","SH","1996",NA,NA
"2384","982","SH","1997",NA,NA
"2385","982","SH","1998",NA,NA
"2386","982","SH","1999",NA,NA
"2387","982","SH","2000",NA,NA
"2388","982","SH","2001",NA,NA
"2389","982","SH","2002",NA,NA
"2390","982","SH","2003",NA,NA
"2391","982","SH","2004",NA,NA
"2392","982","SH","2005",NA,NA
"2393","982","SH","2006",NA,NA
"2394","982","SH","2007",NA,NA
"2395","982","SH","2008",NA,NA
"2396","982","SH","2009",NA,NA
"2397","982","SH","2010",NA,NA
"2398","982","SH","2011",NA,NA
"2399","982","SH","2012",NA,NA
"2400","982","SH","2013",NA,NA
"2401","982","SH","2014",NA,NA
"2402","982","SH","2015",NA,NA
"2403","982","SH","2016",NA,NA
"2404","982","SH","2017",NA,NA
"2405","982","SH","2018",NA,NA
"2406","982","SH","2019",NA,NA
"2407","982","SH","2020",NA,NA
"2408","982","SH","2021",NA,NA
"2409","982","SH","2022",NA,NA
"2410","983","SH","1950",NA,NA
"2411","983","SH","1951",NA,NA
"2412","983","SH","1952",NA,NA
"2413","983","SH","1953",NA,NA
"2414","983","SH","1954",NA,NA
"2415","983","SH","1955",NA,NA
"2416","983","SH","1956",NA,NA
"2417","983","SH","1957",NA,NA
"2418","983","SH","1958",NA,NA
"2419","983","SH","1959",NA,NA
"2420","983","SH","1960",NA,NA
"2421","983","SH","1961",NA,NA
"2422","983","SH","1962",NA,NA
"2423","983","SH","1963",NA,NA
"2424","983","SH","1964",NA,NA
"2425","983","SH","1965",NA,NA
"2426","983","SH","1966",NA,NA
"2427","983","SH","1967",NA,NA
"2428","983","SH","1968",NA,NA
"2429","983","SH","1969",NA,NA
"2430","983","SH","1970",NA,NA
"2431","983","SH","1971",NA,NA
"2432","983","SH","1972",NA,NA
"2433","983","SH","1973",NA,NA
"2434","983","SH","1974",NA,NA
"2435","983","SH","1975",NA,NA
"2436","983","SH","1976",NA,NA
"2437","983","SH","1977",NA,NA
"2438","983","SH","1978",NA,NA
"2439","983","SH","1979",NA,NA
"2440","983","SH","1980",NA,NA
"2441","983","SH","1981",NA,NA
"2442","983","SH","1982",NA,NA
"2443","983","SH","1983",NA,NA
"2444","983","SH","1984",NA,NA
"2445","983","SH","1985",NA,NA
"2446","983","SH","1986",NA,NA
"2447","983","SH","1987",NA,NA
"2448","983","SH","1988",NA,NA
"2449","983","SH","1989",NA,NA
"2450","983","SH","1990",NA,NA
"2451","983","SH","1991",NA,NA
"2452","983","SH","1992",NA,NA
"2453","983","SH","1993",NA,NA
"2454","983","SH","1994",NA,NA
"2455","983","SH","1995",NA,NA
"2456","983","SH","1996",NA,NA
"2457","983","SH","1997",NA,NA
"2458","983","SH","1998",NA,NA
"2459","983","SH","1999",NA,NA
"2460","983","SH","2000",NA,NA
"2461","983","SH","2001",NA,NA
"2462","983","SH","2002",NA,NA
"2463","983","SH","2003",NA,NA
"2464","983","SH","2004",NA,NA
"2465","983","SH","2005",NA,NA
"2466","983","SH","2006",NA,NA
"2467","983","SH","2007",NA,NA
"2468","983","SH","2008",NA,NA
"2469","983","SH","2009",NA,NA
"2470","983","SH","2010",NA,NA
"2471","983","SH","2011",NA,NA
"2472","983","SH","2012",NA,NA
"2473","983","SH","2013",NA,NA
"2474","983","SH","2014",NA,NA
"2475","983","SH","2015",NA,NA
"2476","983","SH","2016",NA,NA
"2477","983","SH","2017",NA,NA
"2478","983","SH","2018",NA,NA
"2479","983","SH","2019",NA,NA
"2480","983","SH","2020",NA,NA
"2481","983","SH","2021",NA,NA
"2482","983","SH","2022",NA,NA
"2483","984","SH","1950",NA,NA
"2484","984","SH","1951",NA,NA
"2485","984","SH","1952",NA,NA
"2486","984","SH","1953",NA,NA
"2487","984","SH","1954",NA,NA
"2488","984","SH","1955",NA,NA
"2489","984","SH","1956",NA,NA
"2490","984","SH","1957",NA,NA
"2491","984","SH","1958",NA,NA
"2492","984","SH","1959",NA,NA
"2493","984","SH","1960",NA,NA
"2494","984","SH","1961",NA,NA
"2495","984","SH","1962",NA,NA
"2496","984","SH","1963",NA,NA
"2497","984","SH","1964",NA,NA
"2498","984","SH","1965",NA,NA
"2499","984","SH","1966",NA,NA
"2500","984","SH","1967",NA,NA
"2501","984","SH","1968",NA,NA
"2502","984","SH","1969",NA,NA
"2503","984","SH","1970",NA,NA
"2504","984","SH","1971",NA,NA
"2505","984","SH","1972",NA,NA
"2506","984","SH","1973",NA,NA
"2507","984","SH","1974",NA,NA
"2508","984","SH","1975",NA,NA
"2509","984","SH","1976",NA,NA
"2510","984","SH","1977",NA,NA
"2511","984","SH","1978",NA,NA
"2512","984","SH","1979",NA,NA
"2513","984","SH","1980",NA,NA
"2514","984","SH","1981",NA,NA
"2515","984","SH","1982",NA,NA
"2516","984","SH","1983",NA,NA
"2517","984","SH","1984",NA,NA
"2518","984","SH","1985",NA,NA
"2519","984","SH","1986",NA,NA
"2520","984","SH","1987",NA,NA
"2521","984","SH","1988",NA,NA
"2522","984","SH","1989",NA,NA
"2523","984","SH","1990",NA,NA
"2524","984","SH","1991",NA,NA
"2525","984","SH","1992",NA,NA
"2526","984","SH","1993",NA,NA
"2527","984","SH","1994",NA,NA
"2528","984","SH","1995",NA,NA
"2529","984","SH","1996",NA,NA
"2530","984","SH","1997",NA,NA
"2531","984","SH","1998",NA,NA
"2532","984","SH","1999",NA,NA
"2533","984","SH","2000",NA,NA
"2534","984","SH","2001",NA,NA
"2535","984","SH","2002",NA,NA
"2536","984","SH","2003",NA,NA
"2537","984","SH","2004",NA,NA
"2538","984","SH","2005",NA,NA
"2539","984","SH","2006",NA,NA
"2540","984","SH","2007",NA,NA
"2541","984","SH","2008",NA,NA
"2542","984","SH","2009",NA,NA
"2543","984","SH","2010",NA,NA
"2544","984","SH","2011",NA,NA
"2545","984","SH","2012",NA,NA
"2546","984","SH","2013",NA,NA
"2547","984","SH","2014",NA,NA
"2548","984","SH","2015",NA,NA
"2549","984","SH","2016",NA,NA
"2550","984","SH","2017",NA,NA
"2551","984","SH","2018",NA,NA
"2552","984","SH","2019",NA,NA
"2553","984","SH","2020",NA,NA
"2554","984","SH","2021",NA,NA
"2555","984","SH","2022",NA,NA
"2556","985","SH","1950",NA,NA
"2557","985","SH","1951",NA,NA
"2558","985","SH","1952",NA,NA
"2559","985","SH","1953",NA,NA
"2560","985","SH","1954",NA,NA
"2561","985","SH","1955",NA,NA
"2562","985","SH","1956",NA,NA
"2563","985","SH","1957",NA,NA
"2564","985","SH","1958",NA,NA
"2565","985","SH","1959",NA,NA
"2566","985","SH","1960",NA,NA
"2567","985","SH","1961",NA,NA
"2568","985","SH","1962",NA,NA
"2569","985","SH","1963",NA,NA
"2570","985","SH","1964",NA,NA
"2571","985","SH","1965",NA,NA
"2572","985","SH","1966",NA,NA
"2573","985","SH","1967",NA,NA
"2574","985","SH","1968",NA,NA
"2575","985","SH","1969",NA,NA
"2576","985","SH","1970",NA,NA
"2577","985","SH","1971",NA,NA
"2578","985","SH","1972",NA,NA
"2579","985","SH","1973",NA,NA
"2580","985","SH","1974",NA,NA
"2581","985","SH","1975",NA,NA
"2582","985","SH","1976",NA,NA
"2583","985","SH","1977",NA,NA
"2584","985","SH","1978",NA,NA
"2585","985","SH","1979",NA,NA
"2586","985","SH","1980",NA,NA
"2587","985","SH","1981",NA,NA
"2588","985","SH","1982",NA,NA
"2589","985","SH","1983",NA,NA
"2590","985","SH","1984",NA,NA
"2591","985","SH","1985",NA,NA
"2592","985","SH","1986",NA,NA
"2593","985","SH","1987",NA,NA
"2594","985","SH","1988",NA,NA
"2595","985","SH","1989",NA,NA
"2596","985","SH","1990",NA,NA
"2597","985","SH","1991",NA,NA
"2598","985","SH","1992",NA,NA
"2599","985","SH","1993",NA,NA
"2600","985","SH","1994",NA,NA
"2601","985","SH","1995",NA,NA
"2602","985","SH","1996",NA,NA
"2603","985","SH","1997",NA,NA
"2604","985","SH","1998",NA,NA
"2605","985","SH","1999",NA,NA
"2606","985","SH","2000",NA,NA
"2607","985","SH","2001",NA,NA
"2608","985","SH","2002",NA,NA
"2609","985","SH","2003",NA,NA
"2610","985","SH","2004",NA,NA
"2611","985","SH","2005",NA,NA
"2612","985","SH","2006",NA,NA
"2613","985","SH","2007",NA,NA
"2614","985","SH","2008",NA,NA
"2615","985","SH","2009",NA,NA
"2616","985","SH","2010",NA,NA
"2617","985","SH","2011",NA,NA
"2618","985","SH","2012",NA,NA
"2619","985","SH","2013",NA,NA
"2620","985","SH","2014",NA,NA
"2621","985","SH","2015",NA,NA
"2622","985","SH","2016",NA,NA
"2623","985","SH","2017",NA,NA
"2624","985","SH","2018",NA,NA
"2625","985","SH","2019",NA,NA
"2626","985","SH","2020",NA,NA
"2627","985","SH","2021",NA,NA
"2628","985","SH","2022",NA,NA
