"cu_id","cu_name","stream_id","stream_name","major_drainage","run_timing_full.x","run_timing","OBJECTID","run_timing_full.y","latitude","longitude","sppqualifiedid","Indicator"
280,"Upper Skeena Headwaters",9706,"DUTI RIVER","Skeena","Interior Summer","IS",45,"Interior Summer",56.94415763,-127.888514,"SH","NA"
280,"Upper Skeena Headwaters",9707,"KLUATANTAN RIVER","Skeena","Interior Summer","IS",46,"Interior Summer",57.01713547,-128.2156405,"SH","NA"
280,"Upper Skeena Headwaters",9708,"SUSTUT RIVER","Skeena","Interior Summer","IS",59,"Interior Summer",56.32746983,-127.2023541,"SH","NA"
280,"Upper Skeena Headwaters",9709,"BEAR RIVER","Skeena","Interior Summer",NA,60,"Interior Summer",56.04581019,-129.9218907,"SH","NA"
280,"Upper Skeena Headwaters",9710,"BEAR RIVER","Skeena","Interior Summer",NA,133,"Winter",56.04581019,-129.9218907,"SH","NA"
280,"Upper Skeena Headwaters",9711,"BEAR RIVER","Skeena","Interior Summer",NA,225,"Winter",56.04581019,-129.9218907,"SH","NA"
281,"Upper Sustut",9712,"UPPER SUSTUT RIVER","Skeena","Interior Summer",NA,NA,NA,56.643523,-126.49908,"SH","NA"
282,"Upper Skeena",9713,"KULDO CREEK","Skeena","Interior Summer","IS",41,"Interior Summer",55.95587851,-128.1734037,"SH","NA"
282,"Upper Skeena",9714,"SICINTINE RIVER","Skeena","Interior Summer","IS",42,"Interior Summer",56.16328566,-127.8441278,"SH","NA"
282,"Upper Skeena",9715,"SLAMGEESH RIVER","Skeena","Interior Summer","IS",43,"Interior Summer",56.34485011,-127.8821918,"SH","NA"
282,"Upper Skeena",9716,"SQUINGULA RIVER","Skeena","Interior Summer","IS",44,"Interior Summer",56.27939793,-127.3166216,"SH","NA"
283,"Kispiox",9717,"KISPIOX RIVER","Skeena","Interior Summer","IS",56,"Interior Summer",55.55680749,-127.9224601,"SH","NA"
284,"Babine",9718,"BABINE RIVER","Skeena","Interior Summer","IS",57,"Interior Summer",55.59964443,-127.1882383,"SH","NA"
284,"Babine",9719,"BABINE RIVER","Skeena","Interior Summer","IS",58,"Interior Summer",55.59964443,-127.1882383,"SH","NA"
285,"Middle Skeena",9720,"KITWANGA RIVER","Skeena","Interior Summer","IS",39,"Interior Summer",55.12023617,-128.0292238,"SH","NA"
285,"Middle Skeena",9721,"SHEGUNIA RIVER","Skeena","Interior Summer","IS",40,"Interior Summer",55.38174925,-127.4338548,"SH","NA"
285,"Middle Skeena",9722,"KITSEGUECLA RIVER","Skeena","Interior Summer","IS",51,"Interior Summer",55.08609819,-127.779344,"SH","NA"
286,"Suskwa",9723,"SUSKWA RIVER","Skeena","Interior Summer","IS",53,"Interior Summer",55.28562721,-127.2005816,"SH","NA"
287,"Buckley",9724,"BULKLEY RIVER","Skeena","Interior Summer","IS",52,"Interior Summer",54.94184038,-127.3248239,"SH","NA"
288,"Skeena Coastal Summers",9725,"ZYMAGOTITZ RIVER","Skeena","Winter",NA,35,"Winter",54.54058943,-128.7999115,"SH","NA"
288,"Skeena Coastal Summers",9726,"KLEANZA CREEK","Skeena","Interior Summer","IS",36,"Interior Summer",54.56674915,-128.2710712,"SH","NA"
288,"Skeena Coastal Summers",9727,"FIDDLER CREEK","Skeena","Interior Summer","IS",37,"Interior Summer",54.83581732,-128.4617753,"SH","NA"
288,"Skeena Coastal Summers",9728,"INSECT CREEK","Skeena","Interior Summer","IS",38,"Interior Summer",55.01621907,-128.4061986,"SH","NA"
288,"Skeena Coastal Summers",9729,"LAKELSE RIVER","Skeena","Interior Summer","W IS",48,"Interior Summer",54.42326606,-128.6909735,"SH","NA"
288,"Skeena Coastal Summers",9730,"KITSUMKALUM RIVER","Skeena","Interior Summer","W IS",49,"Interior Summer",54.85343876,-129.0918451,"SH","NA"
288,"Skeena Coastal Summers",9731,"ZYMOETZ RIVER","Skeena","Interior Summer","IS",50,"Interior Summer",54.46440391,-128.196785,"SH","NA"
289,"Morice",9732,"TELKWA RIVER","Skeena","Interior Summer","IS",54,"Interior Summer",54.65127826,-127.1914575,"SH","NA"
289,"Morice",9733,"MORICE RIVER","Skeena","Interior Summer","IS",55,"Interior Summer",54.19065459,-127.0835508,"SH","NA"
290,"Skeena Coastal Winters",9734,"ECSTALL RIVER","Skeena","Winter",NA,28,"Winter",54.00053846,-129.7862131,"SH","NA"
290,"Skeena Coastal Winters",9735,"KHYEX RIVER","Skeena","Winter",NA,29,"Winter",54.23756725,-129.7939374,"SH","NA"
290,"Skeena Coastal Winters",9736,"SCOTIA RIVER","Skeena","Winter",NA,30,"Winter",54.15802839,-129.6365041,"SH","NA"
290,"Skeena Coastal Winters",9737,"KASIKS RIVER","Skeena","Winter",NA,31,"Winter",54.33093528,-129.4487473,"SH","NA"
290,"Skeena Coastal Winters",9738,"GITNADOIX RIVER","Skeena","Winter",NA,32,"Winter",54.20545794,-129.1856789,"SH","NA"
290,"Skeena Coastal Winters",9739,"EXSTEW RIVER","Skeena","Winter",NA,33,"Winter",54.51630973,-129.195863,"SH","NA"
290,"Skeena Coastal Winters",9740,"SHAMES RIVER","Skeena","Winter",NA,34,"Winter",54.46741711,-128.9376279,"SH","NA"
290,"Skeena Coastal Winters",9741,"EXCHAMSIKS RIVER","Skeena","Winter",NA,47,"Winter",54.47736434,-129.5452927,"SH","NA"
480,"Nass Summer",9742,"Nass above Taylor exclud","Nass","Interior Summer","IS",61,"Interior Summer",56.33295,-128.7039,"SH","NA"
480,"Nass Summer",9743,"KSI SII AKS","Nass","Interior Summer","W IS",67,"Interior Summer",55.221675,-129.105572,"SH","NA"
480,"Nass Summer",9744,"SEASKINNISH CREEK","Nass","Interior Summer","IS",68,"Interior Summer",55.28286,-129.02037,"SH","NA"
480,"Nass Summer",9745,"TCHITIN RIVER","Nass","Interior Summer","IS",69,"Interior Summer",55.58505784,-129.1175877,"SH","NA"
480,"Nass Summer",9746,"KWINAGEESE RIVER","Nass","Interior Summer","IS",70,"Interior Summer",56.01289329,-128.7580768,"SH","NA"
480,"Nass Summer",9747,"CRANBERRY RIVER","Nass","Interior Summer",NA,72,"Interior Summer",55.55326089,-128.7055047,"SH","NA"
480,"Nass Summer",9748,"WHITE RIVER","Nass","Interior Summer",NA,73,"Interior Summer",55.88239385,-129.2825425,"SH","NA"
480,"Nass Summer",9749,"WHITE RIVER","Nass","Interior Summer",NA,267,"Summer",55.88239385,-129.2825425,"SH","NA"
480,"Nass Summer",9750,"MEZIADIN RIVER","Nass","Interior Summer",NA,74,"Interior Summer",56.03650458,-129.1851747,"SH","NA"
480,"Nass Summer",9751,"BELL-IRVING RIVER","Nass","Interior Summer",NA,75,"Interior Summer",56.49253106,-129.4398657,"SH","NA"
480,"Nass Summer",9752,"TAYLOR RIVER","Nass","Interior Summer",NA,76,"Interior Summer",56.51691064,-128.9082101,"SH","NA"
480,"Nass Summer",9753,"TAYLOR RIVER","Nass","Interior Summer",NA,299,"Summer",56.51691064,-128.9082101,"SH","NA"
480,"Nass Summer",9754,"DAMDOCHAX CREEK","Nass","Interior Summer",NA,77,"Interior Summer",56.52624071,-128.2341717,"SH","NA"
481,"Nass Winter",9755,"KSI GINGOLX","Nass","Winter",NA,62,"Winter",54.996369,-129.962681,"SH","NA"
481,"Nass Winter",9756,"Chambers","Nass","Winter",NA,63,"Winter",52.53316,-121.93609,"SH","NA"
481,"Nass Winter",9757,"IKNOUK RIVER","Nass","Winter",NA,64,"Winter",55.01624,-129.82026,"SH","NA"
481,"Nass Winter",9758,"KSEDIN CREEK","Nass","Winter",NA,65,"Winter",55.066677,-129.399888,"SH","NA"
481,"Nass Winter",9759,"SHUMAL CREEK","Nass","Winter",NA,66,"Winter",55.216667,-129.149994,"SH","NA"
481,"Nass Winter",9760,"ISHKHEENICKH RIVER","Nass","Winter",NA,71,"Winter",54.994446,-129.636108,"SH","NA"
680,"North Coast Winter",9761,"TANKEEAH RIVER","North Coast","Winter",NA,187,"Winter",52.29963,-128.27001,"SH","NA"
680,"North Coast Winter",9762,"KAINET CREEK","North Coast","Winter",NA,188,"Winter",52.75630687,-127.8765613,"SH","NA"
680,"North Coast Winter",9763,"MUSSEL RIVER","North Coast","Winter",NA,189,"Winter",52.98419163,-128.1032757,"SH","NA"
680,"North Coast Winter",9764,"GREEN INLET CREEK","North Coast","Winter",NA,190,"Winter",52.91631,-128.43667,"SH","NA"
680,"North Coast Winter",9765,"KHUTZE RIVER","North Coast","Winter",NA,191,"Winter",53.08305235,-128.3650353,"SH","NA"
680,"North Coast Winter",9766,"AALTANHASH RIVER","North Coast","Winter",NA,192,"Winter",53.1691405,-128.4846529,"SH","NA"
680,"North Coast Winter",9767,"KILTUISH RIVER","North Coast","Winter",NA,194,"Winter",53.29748927,-128.4356892,"SH","NA"
680,"North Coast Winter",9768,"KOWESAS RIVER","North Coast","Winter",NA,195,"Winter",53.24006746,-128.1351868,"SH","NA"
680,"North Coast Winter",9769,"KITLOPE RIVER","North Coast","Winter",NA,196,"Winter",53.16848094,-127.76123,"SH","NA"
680,"North Coast Winter",9770,"TSAYTIS RIVER","North Coast","Winter",NA,197,"Winter",53.32651613,-127.7365102,"SH","NA"
680,"North Coast Winter",9771,"KEMANO RIVER","North Coast","Winter",NA,198,"Winter",53.52594624,-127.9907302,"SH","NA"
680,"North Coast Winter",9772,"BRIM RIVER","North Coast","Winter",NA,199,"Winter",53.51510685,-128.3625654,"SH","NA"
680,"North Coast Winter",9773,"WEEWANIE CREEK","North Coast","Winter",NA,200,"Winter",53.71245196,-128.710511,"SH","NA"
680,"North Coast Winter",9774,"KILDALA RIVER","North Coast","Winter",NA,201,"Winter",53.78141285,-128.2932595,"SH","NA"
680,"North Coast Winter",9775,"DALA RIVER","North Coast","Winter",NA,202,"Winter",53.90923082,-128.3852495,"SH","NA"
680,"North Coast Winter",9776,"WATHL CREEK","North Coast","Winter",NA,203,"Winter",53.97687923,-128.6468076,"SH","NA"
680,"North Coast Winter",9777,"KITIMAT RIVER","North Coast","Winter",NA,204,"Winter",54.24339722,-128.4427411,"SH","NA"
680,"North Coast Winter",9778,"GILTTOYEES CREEK","North Coast","Winter",NA,206,"Winter",53.94757918,-129.0769905,"SH","NA"
680,"North Coast Winter",9780,"QUAAL RIVER","North Coast","Winter",NA,209,"Winter",53.65152399,-129.3446738,"SH","NA"
680,"North Coast Winter",9781,"KEESIL CREEK","North Coast","Winter",NA,210,"Winter",53.44864,-129.239598,"SH","NA"
680,"North Coast Winter",9782,"KUMOWDAH RIVER","North Coast","Winter",NA,211,"Winter",53.56465907,-129.4363096,"SH","NA"
680,"North Coast Winter",9783,"BRODIE LAKE CREEK","North Coast","Winter",NA,212,"Winter",53.66622,-129.70339,"SH","NA"
680,"North Coast Winter",9784,"KUMEALON CREEK","North Coast","Winter",NA,213,"Winter",53.8770326,-129.9670585,"SH","NA"
680,"North Coast Winter",9785,"KLOIYA RIVER","North Coast","Winter",NA,214,"Winter",54.24152072,-130.1527862,"SH","NA"
680,"North Coast Winter",9786,"SHAWATLAN RIVER","North Coast","Winter",NA,215,"Winter",54.34944,-130.22013,"SH","NA"
680,"North Coast Winter",9787,"LACHMACH RIVER","North Coast","Winter",NA,216,"Winter",54.29945,-129.9867,"SH","NA"
680,"North Coast Winter",9788,"TOON RIVER","North Coast","Winter",NA,217,"Winter",54.51468333,-129.9707146,"SH","NA"
680,"North Coast Winter",9789,"ENSHESHESE RIVER","North Coast","Winter",NA,218,"Winter",54.51486974,-130.2100133,"SH","NA"
680,"North Coast Winter",9790,"KHUTZEYMATEEN RIVER","North Coast","Winter",NA,219,"Winter",54.63212411,-129.8557015,"SH","NA"
680,"North Coast Winter",9791,"KWINAMASS RIVER","North Coast","Winter",NA,220,"Winter",54.77556,-130.14611,"SH","NA"
680,"North Coast Winter",9792,"STAGOO CREEK","North Coast","Winter",NA,221,"Winter",55.25048585,-129.6628362,"SH","NA"
680,"North Coast Winter",9793,"KITSAULT RIVER","North Coast","Winter",NA,222,"Winter",55.48172711,-129.4820741,"SH","NA"
680,"North Coast Winter",9794,"KSHWAN RIVER","North Coast","Winter",NA,223,"Winter",55.63049492,-129.7994265,"SH","NA"
680,"North Coast Winter",9795,"BONANZA CREEK","North Coast","Winter",NA,224,"Winter",55.3901186,-129.8375205,"SH","NA"
680,"North Coast Winter",9796,"BONANZA CREEK","North Coast","Winter",NA,363,"Winter",55.3901186,-129.8375205,"SH","NA"
680,"North Coast Winter",9797,"BEAR RIVER","North Coast","Winter",NA,60,"Interior Summer",56.04581019,-129.9218907,"SH","NA"
680,"North Coast Winter",9798,"BEAR RIVER","North Coast","Winter",NA,133,"Winter",56.04581019,-129.9218907,"SH","NA"
680,"North Coast Winter",9799,"BEAR RIVER","North Coast","Winter",NA,225,"Winter",56.04581019,-129.9218907,"SH","NA"
680,"North Coast Winter",9800,"KISAMEET RIVER","North Coast","Winter",NA,226,"Winter",51.96854723,-127.8657944,"SH","NA"
680,"North Coast Winter",9801,"KADJUSDIS RIVER","North Coast","Winter",NA,227,"Winter",52.152378,-128.043121,"SH","NA"
680,"North Coast Winter",9802,"KWAKWA CREEK","North Coast","Winter",NA,228,"Winter",52.55310963,-128.6377797,"SH","NA"
680,"North Coast Winter",9803,"SURF RIVER","North Coast","Winter",NA,229,"Winter",53.11800401,-128.969921,"SH","NA"
680,"North Coast Winter",9804,"WHALEN CREEK","North Coast","Winter",NA,230,"Winter",53.24923814,-129.0659097,"SH","NA"
680,"North Coast Winter",9805,"WALLER CREEK","North Coast","Winter",NA,232,"Winter",53.34952,-130.12008,"SH","NA"
680,"North Coast Winter",9806,"BANKS LAKES CREEK","North Coast","Winter",NA,233,"Winter",53.39952,-130.15338,"SH","NA"
680,"North Coast Winter",9807,"SOUTH BONILLA CREEK","North Coast","Winter",NA,234,"Winter",53.508946,-130.299699,"SH","NA"
680,"North Coast Winter",9808,"END HILL CREEK","North Coast","Winter",NA,235,"Winter",53.593926,-130.362703,"SH","NA"
680,"North Coast Winter",9809,"KOORYET CREEK","North Coast","Winter",NA,236,"Winter",53.34232717,-129.8920699,"SH","NA"
680,"North Coast Winter",9810,"KEECHA CREEK","North Coast","Winter",NA,237,"Winter",53.299999,-129.833328,"SH","NA"
680,"North Coast Winter",9819,"HEVENOR INLET CREEK","North Coast","Winter",NA,240,"Winter",53.6495,-130.03667,"SH","NA"
680,"North Coast Winter",9820,"CAPTAIN COVE CREEK","North Coast","Winter",NA,241,"Winter",53.811275,-130.168094,"SH","NA"
680,"North Coast Winter",9821,"PA-AAT RIVER","North Coast","Winter",NA,242,"Winter",53.80348158,-130.009805,"SH","NA"
680,"North Coast Winter",9822,"SALTER LAKE CREEK","North Coast","Winter",NA,243,"Winter",53.54953,-129.67009,"SH","NA"
680,"North Coast Winter",9823,"TSIMTACK LAKE CREEK","North Coast","Winter",NA,244,"Winter",53.39956,-129.4701,"SH","NA"
680,"North Coast Winter",9824,"KESWAR CREEK","North Coast","Winter",NA,245,"Winter",53.643583,-130.343249,"SH","NA"
680,"North Coast Winter",9825,"USELESS CREEK","North Coast","Winter",NA,246,"Winter",54.03276,-130.55339,"SH","NA"
681,"North Coast Summer",9826,"TRIUMPH RIVER","North Coast","Summer","CS",193,"Summer",53.4393452,-128.6847976,"SH","NA"
681,"North Coast Summer",9827,"BISH CREEK","North Coast","Summer","W CS",205,"Summer",53.94125745,-128.769774,"SH","NA"
681,"North Coast Summer",9828,"KITKIATA CREEK","North Coast","Summer","CS",208,"Summer",53.65745745,-129.2883991,"SH","NA"
681,"North Coast Summer",9829,"CANOONA RIVER","North Coast","Summer","W CS",231,"Summer",53.06011638,-128.6936315,"SH","NA"
682,"Central Coast Winter",9830,"TAKUSH RIVER","Central Coast","Winter",NA,162,"Winter",51.22250173,-127.5549759,"SH","NA"
682,"Central Coast Winter",9831,"SMOKEHOUSE CREEK","Central Coast","Winter",NA,163,"Winter",51.33256846,-126.99606,"SH","NA"
682,"Central Coast Winter",9832,"NEKITE RIVER","Central Coast","Winter",NA,164,"Winter",51.41088588,-127.1001094,"SH","NA"
682,"Central Coast Winter",9833,"LOCKHART GORDON CREEK","Central Coast","Winter",NA,165,"Winter",51.40938762,-127.2433564,"SH","NA"
682,"Central Coast Winter",9834,"JOHNSTON CREEK","Central Coast","Winter",NA,166,"Winter",51.48295,-127.53652,"SH","NA"
682,"Central Coast Winter",9835,"WANNOCK RIVER","Central Coast","Winter",NA,167,"Winter",51.67637396,-127.1972052,"SH","NA"
682,"Central Coast Winter",9836,"KILBELLA RIVER","Central Coast","Winter",NA,168,"Winter",51.8588349,-127.2623088,"SH","NA"
682,"Central Coast Winter",9837,"CHUCKWALLA RIVER","Central Coast","Winter",NA,169,"Winter",51.75713184,-127.2479279,"SH","NA"
682,"Central Coast Winter",9838,"CLYAK RIVER","Central Coast","Winter",NA,170,"Winter",52.00203565,-127.239818,"SH","NA"
682,"Central Coast Winter",9839,"MILTON RIVER","Central Coast","Winter",NA,171,"Winter",51.84933809,-127.461283,"SH","NA"
682,"Central Coast Winter",9840,"MACNAIR CREEK","Central Coast","Winter",NA,172,"Winter",51.73275412,-127.5524313,"SH","NA"
682,"Central Coast Winter",9841,"ELIZABETH LAKE CREEK","Central Coast","Winter",NA,173,"Winter",51.71635,-127.78657,"SH","NA"
682,"Central Coast Winter",9842,"KOEYE RIVER","Central Coast","Winter",NA,174,"Winter",51.77734578,-127.8463183,"SH","NA"
682,"Central Coast Winter",9843,"NAMU RIVER","Central Coast","Winter",NA,175,"Winter",51.84965,-127.86998,"SH","NA"
682,"Central Coast Winter",9844,"NOOTUM RIVER","Central Coast","Winter",NA,176,"Winter",51.88478827,-127.6682978,"SH","NA"
682,"Central Coast Winter",9845,"KWATNA RIVER","Central Coast","Winter",NA,177,"Winter",52.10069865,-127.3363868,"SH","NA"
682,"Central Coast Winter",9846,"ASSEEK RIVER","Central Coast","Winter",NA,178,"Winter",51.96638,-126.68649,"SH","NA"
682,"Central Coast Winter",9847,"TALEOMEY RIVER","Central Coast","Winter",NA,179,"Winter",51.99737138,-126.395705,"SH","NA"
682,"Central Coast Winter",9848,"NOEICK RIVER","Central Coast","Winter",NA,180,"Winter",52.17305019,-126.3695339,"SH","NA"
682,"Central Coast Winter",9849,"NOOSESECK RIVER","Central Coast","Winter",NA,182,"Winter",52.41539711,-126.9826493,"SH","NA"
682,"Central Coast Winter",9850,"KIMSQUIT RIVER","Central Coast","Winter",NA,184,"Winter",52.91554919,-127.1259283,"SH","NA"
682,"Central Coast Winter",9851,"SKOWQUILTZ RIVER","Central Coast","Winter",NA,185,"Winter",52.65234899,-127.3011103,"SH","NA"
682,"Central Coast Winter",9852,"PINE RIVER","Central Coast","Winter",NA,186,"Winter",52.653252,-128.052228,"SH","NA"
683,"Transition Summer",9853,"BELLA COOLA RIVER","Bella Coola Dean","Summer","W CS",181,"Summer",52.42317066,-126.4367711,"SH","NA"
683,"Transition Summer",9854,"DEAN RIVER","Bella Coola Dean","Summer","W CS",183,"Summer",52.76859543,-126.5858057,"SH","NA"
780,"Mid Fraser Summer",9855,"SETON RIVER","Mid Fraser","Interior Summer","IS",12,"Interior Summer",50.67081909,-121.9533358,"SH","NA"
780,"Mid Fraser Summer",9856,"BRIDGE RIVER","Mid Fraser","Interior Summer","IS",13,"Interior Summer",50.82670599,-123.2177592,"SH","NA"
780,"Mid Fraser Summer",9857,"CHILCOTIN RIVER","Mid Fraser","Interior Summer","IS",24,"Interior Summer",51.89187076,-122.9310772,"SH","NA"
780,"Mid Fraser Summer",9858,"TASEKO RIVER","Mid Fraser","Interior Summer","IS",25,"Interior Summer",51.42001267,-123.6597313,"SH","NA"
780,"Mid Fraser Summer",9859,"QUESNEL RIVER","Mid Fraser","Interior Summer","IS",26,"Interior Summer",52.90826567,-122.2880817,"SH","NA"
781,"Thompson Summer",9860,"THOMPSON RIVER","Thompson","Interior Summer","IS",20,"Interior Summer",50.7541777,-121.1991427,"SH","NA"
781,"Thompson Summer",9861,"NICOLA RIVER","Thompson","Interior Summer","IS",21,"Interior Summer",50.19557886,-121.0676044,"SH","NA"
781,"Thompson Summer",9862,"BONAPARTE RIVER","Thompson","Interior Summer","IS",22,"Interior Summer",51.26940368,-120.9046824,"SH","NA"
781,"Thompson Summer",9863,"DEADMAN RIVER","Thompson","Interior Summer","IS",23,"Interior Summer",50.74417,-120.92066,"SH","NA"
782,"Lower Fraser Winter",9864,"COQUITLAM RIVER","Lower Fraser","Winter",NA,1,"Winter",49.2617456,-122.7884958,"SH","NA"
782,"Lower Fraser Winter",9865,"PITT RIVER","Lower Fraser","Winter",NA,2,"Winter",49.28294056,-122.6943673,"SH","NA"
782,"Lower Fraser Winter",9866,"ALOUETTE RIVER","Lower Fraser","Winter",NA,3,"Winter",49.25437633,-122.6477408,"SH","NA"
782,"Lower Fraser Winter",9867,"KANAKA CREEK","Lower Fraser","Winter",NA,4,"Winter",49.20313499,-122.5760948,"SH","NA"
782,"Lower Fraser Winter",9868,"SALMON RIVER","Lower Fraser","Winter",NA,5,"Winter",49.177173,-122.58701,"SH","NA"
782,"Lower Fraser Winter",9870,"NORRISH CREEK","Lower Fraser","Winter",NA,6,"Winter",49.17312368,-122.1417228,"SH","NA"
782,"Lower Fraser Winter",9871,"VEDDER - CHILLIWACK RIVE","Lower Fraser","Winter",NA,7,"Winter",49.13298,-122.10258,"SH","NA"
782,"Lower Fraser Winter",9872,"CHEHALIS RIVER","Lower Fraser","Winter",NA,14,"Winter",49.31002927,-121.9579497,"SH","NA"
782,"Lower Fraser Winter",9873,"WEAVER CREEK","Lower Fraser","Winter",NA,15,"Winter",49.31499393,-121.8801504,"SH","NA"
782,"Lower Fraser Winter",9874,"COGBURN CREEK","Lower Fraser","Winter",NA,16,"Winter",49.55525342,-121.7240411,"SH","NA"
782,"Lower Fraser Winter",9875,"BIG SILVER CREEK","Lower Fraser","Winter",NA,17,"Winter",49.59591105,-121.8313458,"SH","NA"
782,"Lower Fraser Winter",9876,"LILLOOET RIVER","Lower Fraser","Winter",NA,18,"Winter",50.54353027,-123.1429927,"SH","NA"
782,"Lower Fraser Winter",9877,"BIRKENHEAD RIVER","Lower Fraser","Winter",NA,19,"Winter",50.30983004,-122.6370545,"SH","NA"
783,"Fraser Canyon Summer",9878,"NAHATLATCH RIVER","Fraser Canyon","Interior Summer","W IS",10,"Interior Summer",49.94163235,-121.901971,"SH","NA"
783,"Fraser Canyon Summer",9879,"STEIN RIVER","Fraser Canyon","Interior Summer","W IS",11,"Interior Summer",50.3127267,-121.8809286,"SH","NA"
784,"Lower Fraser Summer",9880,"SILVERHOPE CREEK","Lower Fraser","Summer","W CS",8,"Summer",49.23977019,-121.3881868,"SH","NA"
784,"Lower Fraser Summer",9881,"COQUIHALLA RIVER","Lower Fraser","Summer","W CS",9,"Summer",49.37965455,-121.3350092,"SH","NA"
785,"Boundary Bay Winter",9882,"LITTLE CAMPBELL RIVER","Boundary Bay","Winter",NA,102,"Winter",50.03478097,-125.2745432,"SH","NA"
785,"Boundary Bay Winter",9883,"LITTLE CAMPBELL RIVER","Boundary Bay","Winter",NA,263,"Winter",50.03478097,-125.2745432,"SH","NA"
785,"Boundary Bay Winter",9884,"NICOMEKL RIVER","Boundary Bay","Winter",NA,103,"Winter",49.07403629,-122.834426,"SH","NA"
785,"Boundary Bay Winter",9885,"SERPENTINE RIVER","Boundary Bay","Winter",NA,104,"Winter",49.08686469,-122.8231304,"SH","NA"
880,"Queen Charlotte Island Winter",9886,"CAPE BALL RIVER","Queen Charlotte Islands","Winter",NA,359,"Winter",53.68199653,-131.8944832,"SH","NA"
880,"Queen Charlotte Island Winter",9887,"MAYER RIVER","Queen Charlotte Islands","Winter",NA,360,"Winter",53.6495,-131.92012,"SH","NA"
880,"Queen Charlotte Island Winter",9888,"TLELL RIVER","Queen Charlotte Islands","Winter",NA,361,"Winter",53.56717402,-131.9292527,"SH","NA"
880,"Queen Charlotte Island Winter",9889,"HONNA RIVER","Queen Charlotte Islands","Winter",NA,362,"Winter",53.2495,-132.13675,"SH","NA"
880,"Queen Charlotte Island Winter",9890,"BONANZA CREEK","Queen Charlotte Islands","Winter",NA,224,"Winter",55.3901186,-129.8375205,"SH","NA"
880,"Queen Charlotte Island Winter",9891,"BONANZA CREEK","Queen Charlotte Islands","Winter",NA,363,"Winter",55.3901186,-129.8375205,"SH","NA"
880,"Queen Charlotte Island Winter",9892,"TARTU INLET OUTER CREEK","Queen Charlotte Islands","Winter",NA,364,"Winter",53.44944,-132.67022,"SH","NA"
880,"Queen Charlotte Island Winter",9893,"MERCER CREEK","Queen Charlotte Islands","Winter",NA,365,"Winter",NA,NA,"SH","NA"
880,"Queen Charlotte Island Winter",9894,"OTARD CREEK","Queen Charlotte Islands","Winter",NA,366,"Winter",53.7714658,-132.9809551,"SH","NA"
880,"Queen Charlotte Island Winter",9895,"CAVE CREEK","Queen Charlotte Islands","Winter",NA,367,"Winter",53.86286781,-133.0713033,"SH","NA"
880,"Queen Charlotte Island Winter",9896,"HAINES CREEK","Queen Charlotte Islands","Winter",NA,368,"Winter",53.94541612,-133.1099871,"SH","NA"
880,"Queen Charlotte Island Winter",9897,"JALUN RIVER","Queen Charlotte Islands","Winter",NA,369,"Winter",53.96839619,-132.8460105,"SH","NA"
880,"Queen Charlotte Island Winter",9898,"DAVIDSON CREEK","Queen Charlotte Islands","Winter",NA,370,"Winter",53.94336081,-132.7012788,"SH","NA"
880,"Queen Charlotte Island Winter",9899,"NADEN RIVER","Queen Charlotte Islands","Winter",NA,371,"Winter",53.93837351,-132.6800039,"SH","NA"
880,"Queen Charlotte Island Winter",9900,"LIGNITE CREEK","Queen Charlotte Islands","Winter",NA,372,"Winter",53.95745085,-132.6124154,"SH","NA"
880,"Queen Charlotte Island Winter",9901,"AIN RIVER","Queen Charlotte Islands","Winter",NA,373,"Winter",53.77204763,-132.4641308,"SH","NA"
880,"Queen Charlotte Island Winter",9902,"AWUN RIVER","Queen Charlotte Islands","Winter",NA,374,"Winter",53.64943,-132.5202,"SH","NA"
880,"Queen Charlotte Island Winter",9903,"DATLAMEN CREEK","Queen Charlotte Islands","Winter",NA,375,"Winter",53.56679512,-132.4865458,"SH","NA"
880,"Queen Charlotte Island Winter",9904,"MAMIN RIVER","Queen Charlotte Islands","Winter",NA,376,"Winter",53.58374714,-132.3131111,"SH","NA"
880,"Queen Charlotte Island Winter",9905,"YAKOUN RIVER","Queen Charlotte Islands","Winter",NA,377,"Winter",53.58870545,-132.1745714,"SH","NA"
880,"Queen Charlotte Island Winter",9906,"SANGAN RIVER","Queen Charlotte Islands","Winter",NA,378,"Winter",54.02610027,-131.9900548,"SH","NA"
880,"Queen Charlotte Island Winter",9907,"HIELLEN RIVER","Queen Charlotte Islands","Winter",NA,379,"Winter",53.993279,-131.8554731,"SH","NA"
880,"Queen Charlotte Island Winter",9908,"COPPER CREEK","Queen Charlotte Islands","Winter",NA,380,"Winter",54.009167,-132.141647,"SH","NA"
880,"Queen Charlotte Island Winter",9909,"PALLANT CREEK","Queen Charlotte Islands","Winter",NA,381,"Winter",53.06397742,-132.0711198,"SH","NA"
880,"Queen Charlotte Island Winter",9910,"BOOMCHAIN BAY CREEK","Queen Charlotte Islands","Winter",NA,382,"Winter",53.04501,-132.4387,"SH","NA"
880,"Queen Charlotte Island Winter",9911,"DEENA CREEK","Queen Charlotte Islands","Winter",NA,383,"Winter",53.13608714,-132.1529051,"SH","NA"
880,"Queen Charlotte Island Winter",9912,"SKEDANS CREEK","Queen Charlotte Islands","Winter",NA,384,"Winter",52.94649412,-131.6423202,"SH","NA"
880,"Queen Charlotte Island Winter",9913,"WINDY BAY CREEK","Queen Charlotte Islands","Winter",NA,385,"Winter",52.69957,-131.46999,"SH","NA"
980,"South Coast Winter",9914,"INDIAN RIVER","South Coast","Winter",NA,105,"Winter",49.49665417,-122.8921593,"SH","NA"
980,"South Coast Winter",9915,"LYNN CREEK","South Coast","Winter",NA,107,"Winter",49.37972075,-123.0371769,"SH","NA"
980,"South Coast Winter",9916,"STAWAMUS RIVER","South Coast","Winter",NA,109,"Winter",49.69712263,-123.129976,"SH","NA"
980,"South Coast Winter",9917,"SQUAMISH RIVER","South Coast","Winter",NA,110,"Winter",49.88231427,-123.2732848,"SH","NA"
980,"South Coast Winter",9918,"MAMQUAM RIVER","South Coast","Winter",NA,111,"Winter",49.72768219,-123.1250398,"SH","NA"
980,"South Coast Winter",9919,"CHEAKAMUS RIVER","South Coast","Winter",NA,112,"Winter",49.79119771,-123.1672473,"SH","NA"
980,"South Coast Winter",9920,"MCNAB CREEK","South Coast","Winter",NA,113,"Winter",49.56768968,-123.3853854,"SH","NA"
980,"South Coast Winter",9921,"RAINY RIVER","South Coast","Winter",NA,114,"Winter",49.52694148,-123.4877298,"SH","NA"
980,"South Coast Winter",9922,"MCNAIR CREEK","South Coast","Winter",NA,115,"Winter",49.51636,-123.50269,"SH","NA"
980,"South Coast Winter",9923,"CHAPMAN CREEK","South Coast","Winter",NA,116,"Winter",49.43295,-123.71941,"SH","NA"
980,"South Coast Winter",9924,"TZOONIE RIVER","South Coast","Winter",NA,117,"Winter",49.78987613,-123.7210688,"SH","NA"
980,"South Coast Winter",9925,"VANCOUVER RIVER","South Coast","Winter",NA,118,"Winter",49.92564755,-123.8003365,"SH","NA"
980,"South Coast Winter",9926,"DESERTED RIVER","South Coast","Winter",NA,119,"Winter",50.09137,-123.74719,"SH","NA"
980,"South Coast Winter",9927,"SKWAWKA RIVER","South Coast","Winter",NA,120,"Winter",50.26156943,-124.0313747,"SH","NA"
980,"South Coast Winter",9928,"BRITTAIN RIVER","South Coast","Winter",NA,121,"Winter",50.04314199,-124.0664813,"SH","NA"
980,"South Coast Winter",9929,"LANG CREEK","South Coast","Winter",NA,122,"Winter",49.86731091,-124.466424,"SH","NA"
980,"South Coast Winter",9930,"SLIAMMON CREEK","South Coast","Winter",NA,123,"Winter",49.89962,-124.60282,"SH","NA"
980,"South Coast Winter",9931,"THEODOSIA RIVER","South Coast","Winter",NA,124,"Winter",50.08294,-124.65286,"SH","NA"
980,"South Coast Winter",9932,"TOBA RIVER","South Coast","Winter",NA,125,"Winter",50.53876165,-124.1674075,"SH","NA"
980,"South Coast Winter",9933,"LITTLE TOBA RIVER","South Coast","Winter",NA,126,"Winter",50.44180878,-124.1324231,"SH","NA"
980,"South Coast Winter",9934,"ORFORD RIVER","South Coast","Winter",NA,129,"Winter",50.68531729,-124.7544811,"SH","NA"
980,"South Coast Winter",9935,"SOUTHGATE RIVER","South Coast","Winter",NA,130,"Winter",50.85661207,-124.470572,"SH","NA"
980,"South Coast Winter",9936,"TEAQUAHAN RIVER","South Coast","Winter",NA,131,"Winter",50.95590531,-124.7988499,"SH","NA"
980,"South Coast Winter",9937,"HOMATHKO RIVER","South Coast","Winter",NA,132,"Winter",51.1029114,-125.0117225,"SH","NA"
980,"South Coast Winter",9938,"BEAR RIVER","South Coast","Winter",NA,60,"Interior Summer",56.04581019,-129.9218907,"SH","NA"
980,"South Coast Winter",9939,"BEAR RIVER","South Coast","Winter",NA,133,"Winter",56.04581019,-129.9218907,"SH","NA"
980,"South Coast Winter",9940,"BEAR RIVER","South Coast","Winter",NA,225,"Winter",56.04581019,-129.9218907,"SH","NA"
980,"South Coast Winter",9941,"APPLE RIVER","South Coast","Winter",NA,135,"Winter",50.76464671,-125.2936017,"SH","NA"
980,"South Coast Winter",9942,"STAFFORD RIVER","South Coast","Winter",NA,136,"Winter",50.79985757,-125.4319268,"SH","NA"
980,"South Coast Winter",9943,"HEYDON CREEK","South Coast","Winter",NA,137,"Winter",50.55658361,-125.6327726,"SH","NA"
980,"South Coast Winter",9944,"READ CREEK","South Coast","Winter",NA,138,"Winter",50.53293,-125.78627,"SH","NA"
980,"South Coast Winter",9945,"FULMORE RIVER","South Coast","Winter",NA,139,"Winter",50.5875915,-126.0269644,"SH","NA"
980,"South Coast Winter",9946,"Glendale CREEK","South Coast","Winter",NA,NA,NA,50.651012,-125.72364,"SH","NA"
980,"South Coast Winter",9947,"BLIND CREEK","South Coast","Winter",NA,141,"Winter",50.683709,-125.6467329,"SH","NA"
980,"South Coast Winter",9948,"FRANKLIN RIVER","South Coast","Winter",NA,142,"Winter",51.09244288,-125.5518459,"SH","NA"
980,"South Coast Winter",9949,"FRANKLIN RIVER","South Coast","Winter",NA,296,"Winter",51.09244288,-125.5518459,"SH","NA"
980,"South Coast Winter",9950,"KLINAKLINI RIVER","South Coast","Winter",NA,143,"Winter",51.09932473,-125.6209488,"SH","NA"
980,"South Coast Winter",9951,"SIM RIVER","South Coast","Winter",NA,144,"Winter",51.05549103,-125.6835451,"SH","NA"
980,"South Coast Winter",9952,"AHNUHATI RIVER","South Coast","Winter",NA,145,"Winter",50.94854565,-125.7197355,"SH","NA"
980,"South Coast Winter",9953,"AHTA RIVER","South Coast","Winter",NA,148,"Winter",50.871005,-126.164974,"SH","NA"
980,"South Coast Winter",9954,"KINGCOME RIVER","South Coast","Winter",NA,149,"Winter",51.20884073,-126.2090926,"SH","NA"
980,"South Coast Winter",9955,"WAKEMAN RIVER","South Coast","Winter",NA,151,"Winter",51.10035806,-126.4846552,"SH","NA"
980,"South Coast Winter",9956,"MACKENZIE RIVER","South Coast","Winter",NA,152,"Winter",50.933573,-126.635369,"SH","NA"
980,"South Coast Winter",9957,"HAUSKIN CREEK","South Coast","Winter",NA,153,"Winter",50.966667,-126.816673,"SH","NA"
980,"South Coast Winter",9958,"SEYMOUR RIVER","South Coast","Winter",NA,106,"Summer",51.193049,-126.672736,"SH","NA"
980,"South Coast Winter",9960,"RAINBOW CREEK","South Coast","Winter",NA,155,"Winter",51.18626055,-124.0015222,"SH","NA"
980,"South Coast Winter",9961,"WAUMP CREEK","South Coast","Winter",NA,156,"Winter",51.23602024,-126.8844997,"SH","NA"
980,"South Coast Winter",9962,"PACK LAKE CREEK","South Coast","Winter",NA,157,"Winter",51.171307,-127.470073,"SH","NA"
980,"South Coast Winter",9966,"CLEAR CREEK","South Coast","Winter",NA,158,"Winter",50.21635,-125.2196,"SH","NA"
980,"South Coast Winter",9967,NA,"South Coast","Winter",NA,157,"Winter",NA,NA,"SH","NA"
980,"South Coast Winter",9971,"VINER CREEK","South Coast","Winter",NA,160,"Winter",50.78505378,-126.3976544,"SH","NA"
980,"South Coast Winter",9972,"GILFORD CREEK","South Coast","Winter",NA,161,"Winter",50.66632,-126.38634,"SH","NA"
981,"East Vancouver Island Winter",9973,"GOLDSTREAM RIVER","East Vancouver Island","Winter",NA,247,"Winter",48.484574,-123.547893,"SH","NA"
981,"East Vancouver Island Winter",9974,"COWICHAN RIVER","East Vancouver Island","Winter",NA,248,"Winter",48.76364357,-123.7931872,"SH","NA"
981,"East Vancouver Island Winter",9975,"NANAIMO RIVER","East Vancouver Island","Winter",NA,250,"Winter",49.07176248,-123.9968625,"SH","NA"
981,"East Vancouver Island Winter",9976,"CHASE RIVER","East Vancouver Island","Winter",NA,251,"Winter",49.13294,-123.91941,"SH","NA"
981,"East Vancouver Island Winter",9977,"MILLSTONE RIVER","East Vancouver Island","Winter",NA,252,"Winter",49.16634,-123.93601,"SH","NA"
981,"East Vancouver Island Winter",9978,"ENGLISHMAN RIVER","East Vancouver Island","Winter",NA,253,"Winter",49.32911,-124.295001,"SH","NA"
981,"East Vancouver Island Winter",9979,"FRENCH CREEK","East Vancouver Island","Winter",NA,254,"Winter",48.76364357,-123.7931872,"SH","NA"
981,"East Vancouver Island Winter",9980,"LITTLE QUALICUM RIVER","East Vancouver Island","Winter",NA,255,"Winter",49.358144,-124.484756,"SH","NA"
981,"East Vancouver Island Winter",9981,"QUALICUM RIVER","East Vancouver Island","Winter",NA,256,"Winter",49.07176248,-123.9968625,"SH","NA"
981,"East Vancouver Island Winter",9982,"TSABLE RIVER","East Vancouver Island","Winter",NA,257,"Winter",49.51609827,-124.8445358,"SH","NA"
981,"East Vancouver Island Winter",9983,"TRENT RIVER","East Vancouver Island","Winter",NA,258,"Winter",49.64964,-124.93612,"SH","NA"
981,"East Vancouver Island Winter",9985,"BLACK CREEK","East Vancouver Island","Winter",NA,261,"Winter",49.851703,-125.100031,"SH","NA"
981,"East Vancouver Island Winter",9986,"OYSTER RIVER","East Vancouver Island","Winter",NA,262,"Winter",49.88270115,-125.1924669,"SH","NA"
981,"East Vancouver Island Winter",9987,"CAMPBELL RIVER","East Vancouver Island","Winter",NA,102,"Winter",50.03478097,-125.2745432,"SH","NA"
981,"East Vancouver Island Winter",9988,"CAMPBELL RIVER","East Vancouver Island","Winter",NA,263,"Winter",50.03478097,-125.2745432,"SH","NA"
981,"East Vancouver Island Winter",9989,"MOHUN CREEK","East Vancouver Island","Winter",NA,264,"Winter",50.112472,-125.374517,"SH","NA"
981,"East Vancouver Island Winter",9990,"AMOR DE COSMOS CREEK","East Vancouver Island","Winter",NA,265,"Winter",50.09964,-125.3696,"SH","NA"
981,"East Vancouver Island Winter",9992,"SALMON RIVER","East Vancouver Island","Winter",NA,266,"Winter",50.37806,-125.9445,"SH","NA"
981,"East Vancouver Island Winter",9993,"NIMPKISH RIVER","East Vancouver Island","Winter",NA,271,"Winter",50.21990042,-126.6213734,"SH","NA"
981,"East Vancouver Island Winter",9994,"CLUXEWE RIVER","East Vancouver Island","Winter",NA,274,"Winter",50.58338417,-127.1502756,"SH","NA"
981,"East Vancouver Island Winter",9995,"KEOGH RIVER","East Vancouver Island","Winter",NA,275,"Winter",50.67593152,-127.3500607,"SH","NA"
981,"East Vancouver Island Winter",9996,"QUATSE RIVER","East Vancouver Island","Winter",NA,276,"Winter",50.6909002,-127.4842123,"SH","NA"
981,"East Vancouver Island Winter",9997,"SHUSHARTIE RIVER","East Vancouver Island","Winter",NA,277,"Winter",50.82258413,-127.8421491,"SH","NA"
981,"East Vancouver Island Winter",9998,"NAHWITTI RIVER","East Vancouver Island","Winter",NA,278,"Winter",50.83207152,-127.9657266,"SH","NA"
981,"East Vancouver Island Winter",9999,"STRANBY RIVER","East Vancouver Island","Winter",NA,279,"Winter",50.83711,-128.15047,"SH","NA"
982,"West Vancouver Island Winter",10000,"SOOKE RIVER","West Vancouver Island","Winter",NA,280,"Winter",48.43808961,-123.7187532,"SH","NA"
982,"West Vancouver Island Winter",10001,"TUGWELL CREEK","West Vancouver Island","Winter",NA,281,"Winter",48.37537,-123.851123,"SH","NA"
982,"West Vancouver Island Winter",10002,"MUIR CREEK","West Vancouver Island","Winter",NA,282,"Winter",48.38586692,-123.8636185,"SH","NA"
982,"West Vancouver Island Winter",10003,"KIRBY CREEK","West Vancouver Island","Winter",NA,283,"Winter",48.382342,-123.896706,"SH","NA"
982,"West Vancouver Island Winter",10004,"SAN JUAN RIVER","West Vancouver Island","Winter",NA,284,"Winter",48.58353321,-124.2666795,"SH","NA"
982,"West Vancouver Island Winter",10005,"WALBRAN CREEK","West Vancouver Island","Winter",NA,287,"Winter",48.58121649,-124.6545481,"SH","NA"
982,"West Vancouver Island Winter",10006,"CARMANAH CREEK","West Vancouver Island","Winter",NA,288,"Winter",48.65373232,-124.6934865,"SH","NA"
982,"West Vancouver Island Winter",10007,"NITINAT RIVER","West Vancouver Island","Winter",NA,290,"Winter",48.87988967,-124.6046856,"SH","NA"
982,"West Vancouver Island Winter",10008,"PACHENA RIVER","West Vancouver Island","Winter",NA,292,"Winter",48.80132462,-125.1220792,"SH","NA"
982,"West Vancouver Island Winter",10009,"SARITA RIVER","West Vancouver Island","Winter",NA,293,"Winter",48.88858351,-124.9893517,"SH","NA"
982,"West Vancouver Island Winter",10010,"COLEMAN CREEK","West Vancouver Island","Winter",NA,295,"Winter",49.00438392,-124.8576216,"SH","NA"
982,"West Vancouver Island Winter",10011,"FRANKLIN RIVER","West Vancouver Island","Winter",NA,142,"Winter",51.09244288,-125.5518459,"SH","NA"
982,"West Vancouver Island Winter",10012,"FRANKLIN RIVER","West Vancouver Island","Winter",NA,296,"Winter",51.09244288,-125.5518459,"SH","NA"
982,"West Vancouver Island Winter",10013,"ASH RIVER","West Vancouver Island","Winter",NA,300,"Winter",49.38416441,-125.0027644,"SH","NA"
982,"West Vancouver Island Winter",10014,"ANDERSON RIVER","West Vancouver Island","Winter",NA,304,"Winter",49.84159018,-121.433914,"SH","NA"
982,"West Vancouver Island Winter",10015,"EFFINGHAM RIVER","West Vancouver Island","Winter",NA,305,"Winter",49.10158925,-125.2166481,"SH","NA"
982,"West Vancouver Island Winter",10016,"MAGGIE RIVER","West Vancouver Island","Winter",NA,307,"Winter",48.99025426,-125.3968234,"SH","NA"
982,"West Vancouver Island Winter",10017,"LOST SHOE CREEK","West Vancouver Island","Winter",NA,308,"Winter",48.99961,-125.63615,"SH","NA"
982,"West Vancouver Island Winter",10018,"KENNEDY RIVER","West Vancouver Island","Winter",NA,309,"Winter",49.11092414,-125.6525461,"SH","NA"
982,"West Vancouver Island Winter",10019,"CLAYOQUOT RIVER","West Vancouver Island","Winter",NA,310,"Winter",49.18375813,-125.5366764,"SH","NA"
982,"West Vancouver Island Winter",10020,"TRANQUIL CREEK","West Vancouver Island","Winter",NA,311,"Winter",49.22133099,-125.6646965,"SH","NA"
982,"West Vancouver Island Winter",10021,"BEDWELL RIVER","West Vancouver Island","Winter",NA,312,"Winter",49.43740585,-125.6834244,"SH","NA"
982,"West Vancouver Island Winter",10022,"CYPRE RIVER","West Vancouver Island","Winter",NA,313,"Winter",49.29926538,-125.9169893,"SH","NA"
982,"West Vancouver Island Winter",10023,"MOYEHA RIVER","West Vancouver Island","Winter",NA,314,"Winter",49.46267438,-125.8523619,"SH","NA"
982,"West Vancouver Island Winter",10024,"MEGIN RIVER","West Vancouver Island","Winter",NA,315,"Winter",49.47155013,-126.1113421,"SH","NA"
982,"West Vancouver Island Winter",10025,"SYDNEY RIVER","West Vancouver Island","Winter",NA,316,"Winter",49.51628,-126.30293,"SH","NA"
982,"West Vancouver Island Winter",10026,"HESQUIAT LAKE CREEK","West Vancouver Island","Winter",NA,317,"Winter",49.49958,-126.40294,"SH","NA"
982,"West Vancouver Island Winter",10027,"ESCALANTE RIVER","West Vancouver Island","Winter",NA,318,"Winter",49.53657819,-126.546159,"SH","NA"
982,"West Vancouver Island Winter",10028,"JACKLAH RIVER","West Vancouver Island","Winter",NA,319,"Winter",49.60906166,-126.1449787,"SH","NA"
982,"West Vancouver Island Winter",10029,"MCCURDY CREEK","West Vancouver Island","Winter",NA,323,"Winter",49.69774285,-126.2066164,"SH","NA"
982,"West Vancouver Island Winter",10030,"KLEEPTEE CREEK","West Vancouver Island","Winter",NA,324,"Winter",49.66409523,-126.3633792,"SH","NA"
982,"West Vancouver Island Winter",10031,"TLUPANA RIVER","West Vancouver Island","Winter",NA,325,"Winter",49.77341757,-126.3502126,"SH","NA"
982,"West Vancouver Island Winter",10032,"CONUMA RIVER","West Vancouver Island","Winter",NA,326,"Winter",49.85131804,-126.3721245,"SH","NA"
982,"West Vancouver Island Winter",10033,"SUCWOA RIVER","West Vancouver Island","Winter",NA,327,"Winter",49.81124166,-126.5096234,"SH","NA"
982,"West Vancouver Island Winter",10034,"TSOWWIN RIVER","West Vancouver Island","Winter",NA,328,"Winter",49.78046184,-126.6179285,"SH","NA"
982,"West Vancouver Island Winter",10035,"TAHSIS RIVER","West Vancouver Island","Winter",NA,330,"Winter",49.98326158,-126.6400241,"SH","NA"
982,"West Vancouver Island Winter",10036,"LITTLE ZEBALLOS RIVER","West Vancouver Island","Winter",NA,331,"Winter",49.96899564,-126.8049628,"SH","NA"
982,"West Vancouver Island Winter",10037,"TATCHU CREEK","West Vancouver Island","Winter",NA,333,"Winter",49.88289,-127.16976,"SH","NA"
982,"West Vancouver Island Winter",10038,"KAOUK RIVER","West Vancouver Island","Winter",NA,334,"Winter",50.06588079,-127.0428918,"SH","NA"
982,"West Vancouver Island Winter",10039,"KAUWINCH RIVER","West Vancouver Island","Winter",NA,337,"Winter",50.20128759,-127.2708877,"SH","NA"
982,"West Vancouver Island Winter",10040,"MALKSOPE RIVER","West Vancouver Island","Winter",NA,338,"Winter",50.14141256,-127.4146669,"SH","NA"
982,"West Vancouver Island Winter",10041,"OUOUKINSH RIVER","West Vancouver Island","Winter",NA,339,"Winter",50.18994475,-127.4185711,"SH","NA"
982,"West Vancouver Island Winter",10042,"BATTLE BAY RIVER","West Vancouver Island","Winter",NA,341,"Winter",50.11628,-127.58641,"SH","NA"
982,"West Vancouver Island Winter",10043,"EAST CREEK","West Vancouver Island","Winter",NA,343,"Winter",50.24467155,-127.7028998,"SH","NA"
982,"West Vancouver Island Winter",10044,"KLASKISH RIVER","West Vancouver Island","Winter",NA,344,"Winter",50.26703221,-127.7154008,"SH","NA"
982,"West Vancouver Island Winter",10045,"KEITH RIVER","West Vancouver Island","Winter",NA,345,"Winter",50.33850877,-127.8648531,"SH","NA"
982,"West Vancouver Island Winter",10046,"KEWQUODIE CREEK","West Vancouver Island","Winter",NA,347,"Winter",50.40747452,-127.6784693,"SH","NA"
982,"West Vancouver Island Winter",10047,"KLOOTCHLIMMIS CREEK","West Vancouver Island","Winter",NA,348,"Winter",50.44092259,-127.6581391,"SH","NA"
982,"West Vancouver Island Winter",10048,"CAYUSE CREEK","West Vancouver Island","Winter",NA,349,"Winter",50.38289,-127.46983,"SH","NA"
982,"West Vancouver Island Winter",10049,"CAYEGHLE CREEK","West Vancouver Island","Winter",NA,350,"Winter",50.33242803,-127.4346477,"SH","NA"
982,"West Vancouver Island Winter",10050,"WAUKWAAS CREEK","West Vancouver Island","Winter",NA,352,"Winter",50.58111757,-127.3895989,"SH","NA"
982,"West Vancouver Island Winter",10051,"WANOKANA CREEK","West Vancouver Island","Winter",NA,353,"Winter",50.60909211,-127.7145083,"SH","NA"
982,"West Vancouver Island Winter",10052,"GOODSPEED RIVER","West Vancouver Island","Winter",NA,354,"Winter",50.6644914,-128.0555232,"SH","NA"
982,"West Vancouver Island Winter",10053,"KOPRINO RIVER","West Vancouver Island","Winter",NA,355,"Winter",50.51247735,-127.8474659,"SH","NA"
982,"West Vancouver Island Winter",10054,"MACJACK RIVER","West Vancouver Island","Winter",NA,356,"Winter",50.58622936,-128.2102028,"SH","NA"
982,"West Vancouver Island Winter",10055,"SAN JOSEF RIVER","West Vancouver Island","Winter",NA,357,"Winter",50.67768397,-128.2306219,"SH","NA"
982,"West Vancouver Island Winter",10056,"FISHERMAN RIVER","West Vancouver Island","Winter",NA,358,"Winter",50.71974415,-128.1882912,"SH","NA"
983,"South Coast Summer",10057,"SEYMOUR RIVER","South Coast","Summer","W CS",106,"Summer",49.303042,-123.025067,"SH","NA"
983,"South Coast Summer",10059,"CAPILANO RIVER","South Coast","Summer","W CS",108,"Summer",49.42780717,-123.1167008,"SH","NA"
983,"South Coast Summer",10060,"BREM RIVER","South Coast","Summer","CS",127,"Summer",50.45314391,-124.6811624,"SH","NA"
983,"South Coast Summer",10061,"QUATAM RIVER","South Coast","Summer","W CS",128,"Summer",50.39049576,-124.8756027,"SH","NA"
983,"South Coast Summer",10062,"PHILLIPS RIVER","South Coast","Summer","W CS",134,"Summer",50.61735009,-125.3002264,"SH","NA"
983,"South Coast Summer",10063,"KWALATE CREEK","South Coast","Summer","W CS",146,"Summer",50.80020763,-125.7017546,"SH","NA"
983,"South Coast Summer",10064,"KAKWEIKEN RIVER","South Coast","Summer","W CS",147,"Summer",50.82776298,-125.9900534,"SH","NA"
983,"South Coast Summer",10065,"ATLATZI RIVER","South Coast","Summer","CS",150,"Summer",51.04442674,-126.1042678,"SH","NA"
984,"West Vancouver Island Summer",10066,"HARRIS CREEK","West Vancouver Island","Summer","CS",285,"Summer",48.60677493,-124.2487827,"SH","NA"
984,"West Vancouver Island Summer",10067,"GORDON RIVER","West Vancouver Island","Summer","W CS",286,"Summer",48.59632264,-124.4318171,"SH","NA"
984,"West Vancouver Island Summer",10068,"CHEEWHAT RIVER","West Vancouver Island","Summer","W CS",289,"Summer",48.6720303,-124.777386,"SH","NA"
984,"West Vancouver Island Summer",10069,"KLANAWA RIVER","West Vancouver Island","Summer","W CS",291,"Summer",48.76654048,-124.9082314,"SH","NA"
984,"West Vancouver Island Summer",10070,"SOUTH SARITA RIVER","West Vancouver Island","Summer","CS",294,"Summer",48.896749,-124.952411,"SH","NA"
984,"West Vancouver Island Summer",10071,"CHINA CREEK","West Vancouver Island","Summer","W CS",297,"Summer",49.14962,-124.8028,"SH","NA"
984,"West Vancouver Island Summer",10072,"SOMASS RIVER","West Vancouver Island","Summer","W CS",298,"Summer",49.26077391,-124.8303063,"SH","NA"
984,"West Vancouver Island Summer",10073,"TAYLOR RIVER","West Vancouver Island","Summer","CS",76,"Interior Summer",56.51691064,-128.9082101,"SH","NA"
984,"West Vancouver Island Summer",10074,"TAYLOR RIVER","West Vancouver Island","Summer","CS",299,"Summer",56.51691064,-128.9082101,"SH","NA"
984,"West Vancouver Island Summer",10075,"COUS CREEK","West Vancouver Island","Summer","W CS",301,"Summer",49.18491508,-124.8315764,"SH","NA"
984,"West Vancouver Island Summer",10076,"MACKTUSH CREEK","West Vancouver Island","Summer","W CS",302,"Summer",49.11097955,-124.8291361,"SH","NA"
984,"West Vancouver Island Summer",10077,"NAHMINT RIVER","West Vancouver Island","Summer","CS",303,"Summer",49.08431546,-124.9382961,"SH","NA"
984,"West Vancouver Island Summer",10078,"TOQUART RIVER","West Vancouver Island","Summer","W CS",306,"Summer",49.03648264,-125.3584989,"SH","NA"
984,"West Vancouver Island Summer",10079,"BURMAN RIVER","West Vancouver Island","Summer","W CS",320,"Summer",49.6042911,-126.0110006,"SH","NA"
984,"West Vancouver Island Summer",10080,"GOLD RIVER","West Vancouver Island","Summer","W CS",321,"Summer",49.75192114,-126.052363,"SH","NA"
984,"West Vancouver Island Summer",10081,"HEBER RIVER","West Vancouver Island","Summer","CS",322,"Summer",49.78969699,-126.0284032,"SH","NA"
984,"West Vancouver Island Summer",10082,"LEINER RIVER","West Vancouver Island","Summer","W CS",329,"Summer",49.91353851,-126.6312186,"SH","NA"
984,"West Vancouver Island Summer",10083,"ZEBALLOS RIVER","West Vancouver Island","Summer","W CS",332,"Summer",50.03920603,-126.8047998,"SH","NA"
984,"West Vancouver Island Summer",10084,"ARTLISH RIVER","West Vancouver Island","Summer","W CS",335,"Summer",50.11885701,-127.0355486,"SH","NA"
984,"West Vancouver Island Summer",10085,"TAHSISH RIVER","West Vancouver Island","Summer","W CS",336,"Summer",50.14212576,-127.109956,"SH","NA"
984,"West Vancouver Island Summer",10086,"POWER RIVER","West Vancouver Island","Summer","W CS",340,"Summer",50.21663728,-127.4831097,"SH","NA"
984,"West Vancouver Island Summer",10087,"NASPARTI RIVER","West Vancouver Island","Summer","W CS",342,"Summer",50.13289,-127.66982,"SH","NA"
984,"West Vancouver Island Summer",10088,"MAHATTA CREEK","West Vancouver Island","Summer","CS",346,"Summer",50.4370352,-127.8463616,"SH","NA"
984,"West Vancouver Island Summer",10089,"MARBLE RIVER","West Vancouver Island","Summer","CS",351,"Summer",50.53496138,-127.4697534,"SH","NA"
985,"East Vancouver Island Summer",10090,"CHEMAINUS RIVER","East Vancouver Island","Summer","W CS",249,"Summer",48.85605561,-123.9700265,"SH","NA"
985,"East Vancouver Island Summer",10091,"PUNTLEDGE RIVER","East Vancouver Island","Summer","W CS",260,"Summer",49.69964,-125.00284,"SH","NA"
985,"East Vancouver Island Summer",10092,"WHITE RIVER","East Vancouver Island","Summer","CS",73,"Interior Summer",55.88239385,-129.2825425,"SH","NA"
985,"East Vancouver Island Summer",10093,"WHITE RIVER","East Vancouver Island","Summer","CS",267,"Summer",55.88239385,-129.2825425,"SH","NA"
985,"East Vancouver Island Summer",10094,"ADAM RIVER","East Vancouver Island","Summer","W CS",268,"Summer",50.38151672,-126.161264,"SH","NA"
985,"East Vancouver Island Summer",10095,"TSITIKA RIVER","East Vancouver Island","Summer","CS",269,"Summer",50.37667272,-126.546528,"SH","NA"
985,"East Vancouver Island Summer",10096,"KOKISH RIVER","East Vancouver Island","Summer","CS",270,"Summer",50.44913281,-126.7829215,"SH","NA"
985,"East Vancouver Island Summer",10097,"KILPALA RIVER","East Vancouver Island","Summer","CS",272,"Summer",50.43798676,-127.0384879,"SH","NA"
985,"East Vancouver Island Summer",10098,"KAIPIT CREEK","East Vancouver Island","Summer","CS",273,"Summer",50.20529281,-126.7696388,"SH","NA"
1080,"Alsek Summer",10099,"ALSEK RIVER","Alsek","Interior Summer","IS",386,"Interior Summer",59.43258,-137.97054,"SH","NA"
1080,"Alsek Summer",10100,"TATSENSHINI","Alsek","Interior Summer","IS",387,"Interior Summer",59.4826,-137.75379,"SH","NA"
1081,"Taku Summer",10101,"INKLIN RIVER","Taku","Interior Summer","IS",95,"Interior Summer",58.82582941,-132.8718397,"SH","NA"
1081,"Taku Summer",10102,"YETH CREEK","Taku","Interior Summer","IS",96,"Interior Summer",58.92833683,-132.7757648,"SH","NA"
1081,"Taku Summer",10103,"SUTLAHINE RIVER","Taku","Interior Summer","IS",97,"Interior Summer",58.48227282,-133.0278456,"SH","NA"
1081,"Taku Summer",10104,"KOWATUA CREEK","Taku","Interior Summer","IS",98,"Interior Summer",58.54241319,-132.4206497,"SH","NA"
1081,"Taku Summer",10105,"NAHLIN RIVER","Taku","Interior Summer","IS",99,"Interior Summer",58.88245093,-131.5418025,"SH","NA"
1081,"Taku Summer",10106,"SHESLAY RIVER","Taku","Interior Summer","IS",100,"Interior Summer",58.21310588,-131.9017002,"SH","NA"
1081,"Taku Summer",10107,"NAKINA RIVER","Taku","Interior Summer","IS",101,"Interior Summer",59.03864011,-133.0558339,"SH","NA"
1082,"Taku Winter",10108,"TAKU RIVER","Taku","Winter",NA,91,"Winter",58.7225166,-133.3918558,"SH","NA"
1082,"Taku Winter",10109,"STUHINI CREEK","Taku","Winter",NA,92,"Winter",58.61827801,-133.5138321,"SH","NA"
1082,"Taku Winter",10110,"TULSEQUAH RIVER","Taku","Winter",NA,93,"Winter",58.75559935,-133.6588307,"SH","NA"
1082,"Taku Winter",10111,"KING SALMON CREEK","Taku","Winter",NA,94,"Winter",58.79838705,-133.2583613,"SH","NA"
1083,"Stikine Summer",10112,"TAHLTAN RIVER","Stikine","Interior Summer","IS",90,"Interior Summer",58.05327151,-131.4617974,"SH","NA"
1084,"Stikine Winter",10113,"KATETE RIVER","Stikine","Winter",NA,78,"Winter",56.64091303,-131.748098,"SH","NA"
1084,"Stikine Winter",10114,"PORCUPINE RIVER","Stikine","Winter",NA,79,"Winter",57.02779754,-131.6475261,"SH","NA"
1084,"Stikine Winter",10115,"CHRISTINA CREEK","Stikine","Winter",NA,80,"Winter",57.25356656,-132.0085731,"SH","NA"
1084,"Stikine Winter",10116,"SCUD RIVER","Stikine","Winter",NA,81,"Winter",57.3142698,-131.7158105,"SH","NA"
1084,"Stikine Winter",10117,"PATMORE CREEK","Stikine","Winter",NA,82,"Winter",57.33215981,-132.0513153,"SH","NA"
1084,"Stikine Winter",10118,"SHAKES CREEK","Stikine","Winter",NA,83,"Winter",57.78299,-131.40389,"SH","NA"
1084,"Stikine Winter",10119,"INHINI RIVER","Stikine","Winter",NA,84,"Winter",56.69217715,-131.5400166,"SH","NA"
1084,"Stikine Winter",10120,"CRAIG RIVER","Stikine","Winter",NA,85,"Winter",56.59249073,-131.1778564,"SH","NA"
1084,"Stikine Winter",10121,"BRONSON CREEK","Stikine","Winter",NA,86,"Winter",56.68007285,-131.0800824,"SH","NA"
1084,"Stikine Winter",10122,"VERRETT RIVER","Stikine","Winter",NA,87,"Winter",56.74978104,-131.0070689,"SH","NA"
1084,"Stikine Winter",10123,"CHUTINE RIVER","Stikine","Winter",NA,88,"Winter",57.70193365,-131.8107269,"SH","NA"
1084,"Stikine Winter",10124,"MESS CREEK","Stikine","Winter",NA,89,"Winter",57.68122269,-130.9510107,"SH","NA"
1380,"Mid Columbia Summer",10125,"OKANAGAN RIVER","Mid Columbia","Interior Summer",NA,27,"Interior Summer",49.08306,-119.51908,"SH","NA"
NA,NA,10126,"GLENLAND CREEK",NA,NA,NA,140,"Winter",NA,NA,"SH","NA"
981,"South Coast Winter",10127,"BROHM River","South Coast","Winter",NA,NA,"Winter",49.806974,-123.120242,"SH","NA"
