cu_id,cu_name,stream_id,stream_name,major_drainage,watershed_code,parkinson_cu,tautz_cu,phylogenetic_group,run_timing_full.x,run_timing,OBJECTID,parkinson2005cu,run_timing_full.y,COL_H,latitude,longitude,coord_certainty,comments_alternate,coord_source
280,Upper Skeena Headwaters,9706,DUTI RIVER,Skeena,4.01E+08,Skeena  Summer,Upper Skeena Headwaters,North Coast,Interior Summer,IS,45,Skeena  Summer,Interior Summer,NA,56.94415763,-127.888514,H,NA,FWA Streams_Line_BC
280,Upper Skeena Headwaters,9707,KLUATANTAN RIVER,Skeena,400898600,Skeena  Summer,Upper Skeena Headwaters,North Coast,Interior Summer,IS,46,Skeena  Summer,Interior Summer,NA,57.01713547,-128.2156405,H,NA,FWA Streams_Line_BC
280,Upper Skeena Headwaters,9708,SUSTUT RIVER,Skeena,490,Skeena  Summer,Upper Skeena Headwaters,North Coast,Interior Summer,IS,59,Skeena  Summer,Interior Summer,NA,56.32746983,-127.2023541,H,NA,FWA Streams_Line_BC
280,Upper Skeena Headwaters,9709,BEAR RIVER,Skeena,490267900,Skeena  Summer,Upper Skeena Headwaters,North Coast,Interior Summer,NA,60,Skeena  Summer,Interior Summer,NA,56.04581019,-129.9218907,H,NA,FWA Streams_Line_BC
281,Upper Sustut,9712,UPPER SUSTUT RIVER,Skeena,NA,Skeena  Summer,Upper Sustut,North Coast,Interior Summer,NA,NA,NA,NA,NA,56.643523,-126.49908,H,KB,FISS
282,Upper Skeena,9713,KULDO CREEK,Skeena,400590300,Skeena  Summer,Upper Skeena,North Coast,Interior Summer,IS,41,Skeena  Summer,Interior Summer,NA,55.95587851,-128.1734037,H,NA,FWA Streams_Line_BC
282,Upper Skeena,9714,SICINTINE RIVER,Skeena,400636200,Skeena  Summer,Upper Skeena,North Coast,Interior Summer,IS,42,Skeena  Summer,Interior Summer,NA,56.16328566,-127.8441278,H,NA,FWA Streams_Line_BC
282,Upper Skeena,9715,SLAMGEESH RIVER,Skeena,400705300,Skeena  Summer,Upper Skeena,North Coast,Interior Summer,IS,43,Skeena  Summer,Interior Summer,NA,56.34485011,-127.8821918,H,NA,FWA Streams_Line_BC
282,Upper Skeena,9716,SQUINGULA RIVER,Skeena,400745600,Skeena  Summer,Upper Skeena,North Coast,Interior Summer,IS,44,Skeena  Summer,Interior Summer,NA,56.27939793,-127.3166216,H,NA,FWA Streams_Line_BC
283,Kispiox,9717,KISPIOX RIVER,Skeena,470,Skeena  Summer,Kispiox,North Coast,Interior Summer,IS,56,Skeena  Summer,Interior Summer,NA,55.55680749,-127.9224601,H,NA,FWA Streams_Line_BC
284,Babine,9718,BABINE RIVER,Skeena,480,Skeena  Summer,Babine,North Coast,Interior Summer,IS,57,Skeena  Summer,Interior Summer,NA,55.59964443,-127.1882383,H,NA,FWA Streams_Line_BC
284,Babine,9719,BABINE RIVER,Skeena,480,Skeena  Summer,Babine,North Coast,Interior Summer,IS,58,Skeena  Summer,Interior Summer,NA,55.59964443,-127.1882383,H,NA,FWA Streams_Line_BC
285,Middle Skeena,9720,KITWANGA RIVER,Skeena,400364900,Skeena  Summer,Middle Skeena,North Coast,Interior Summer,IS,39,Skeena  Summer,Interior Summer,NA,55.12023617,-128.0292238,H,NA,FWA Streams_Line_BC
285,Middle Skeena,9721,SHEGUNIA RIVER,Skeena,400455200,Skeena  Summer,Middle Skeena,North Coast,Interior Summer,IS,40,Skeena  Summer,Interior Summer,NA,55.38174925,-127.4338548,H,NA,FWA Streams_Line_BC
285,Middle Skeena,9722,KITSEGUECLA RIVER,Skeena,450,Skeena  Summer,Middle Skeena,North Coast,Interior Summer,IS,51,Skeena  Summer,Interior Summer,NA,55.08609819,-127.779344,H,NA,FWA Streams_Line_BC
286,Suskwa,9723,SUSKWA RIVER,Skeena,460081700,Skeena  Summer,Suskwa,North Coast,Interior Summer,IS,53,Skeena  Summer,Interior Summer,NA,55.28562721,-127.2005816,H,NA,FWA Streams_Line_BC
287,Bulkley,9724,BULKLEY RIVER,Skeena,460,Skeena  Summer,Bulkley,North Coast,Interior Summer,IS,52,Skeena  Summer,Interior Summer,NA,54.94184038,-127.3248239,H,NA,FWA Streams_Line_BC
287,Bulkley,10273,TOBOGGAN CREEK,Skeena,460,Skeena  Summer,Bulkley,North Coast,Interior Summer,IS,,Skeena  Summer,Interior Summer,NA,54.931604,-127.300022,H,"added stream manually, survey counts seperate from bulkley",CA check
288,Skeena Coastal Summers,9725,ZYMAGOTITZ RIVER,Skeena,400184200,Skeena Winter,Coastal Summers,North Coast,Winter,NA,35,Skeena Winter,Winter,NA,54.54058943,-128.7999115,H,NA,FWA Streams_Line_BC
288,Skeena Coastal Summers,9726,KLEANZA CREEK,Skeena,400231800,Skeena  Summer,Coastal Summers,North Coast,Interior Summer,IS,36,Skeena  Summer,Interior Summer,NA,54.56674915,-128.2710712,H,NA,FWA Streams_Line_BC
288,Skeena Coastal Summers,9727,FIDDLER CREEK,Skeena,400296800,Skeena  Summer,Coastal Summers,North Coast,Interior Summer,IS,37,Skeena  Summer,Interior Summer,NA,54.83581732,-128.4617753,H,NA,FWA Streams_Line_BC
288,Skeena Coastal Summers,9728,INSECT CREEK,Skeena,400324400,Skeena  Summer,Coastal Summers,North Coast,Interior Summer,IS,38,Skeena  Summer,Interior Summer,NA,55.01621907,-128.4061986,H,NA,FWA Streams_Line_BC
288,Skeena Coastal Summers,9729,LAKELSE RIVER,Skeena,420,Skeena  Summer,Coastal Summers,North Coast,Interior Summer,W IS,48,Skeena  Summer,Interior Summer,NA,54.42326606,-128.6909735,H,NA,FWA Streams_Line_BC
288,Skeena Coastal Summers,9730,KITSUMKALUM RIVER,Skeena,430,Skeena  Summer,Coastal Summers,North Coast,Interior Summer,W IS,49,Skeena  Summer,Interior Summer,NA,54.85343876,-129.0918451,H,NA,FWA Streams_Line_BC
288,Skeena Coastal Summers,9731,ZYMOETZ RIVER,Skeena,440,Skeena  Summer,Coastal Summers,North Coast,Interior Summer,IS,50,Skeena  Summer,Interior Summer,NA,54.46440391,-128.196785,H,NA,FWA Streams_Line_BC
289,Morice,9732,TELKWA RIVER,Skeena,460422700,Skeena  Summer,Morice,North Coast,Interior Summer,IS,54,Skeena  Summer,Interior Summer,NA,54.65127826,-127.1914575,H,NA,FWA Streams_Line_BC
289,Morice,9733,MORICE RIVER,Skeena,460600600,Skeena  Summer,Morice,North Coast,Interior Summer,IS,55,Skeena  Summer,Interior Summer,NA,54.19065459,-127.0835508,H,NA,FWA Streams_Line_BC
290,Skeena Coastal Winters,9734,ECSTALL RIVER,Skeena,400016500,Skeena Winter,Coastal Winters,North Coast,Winter,NA,28,Skeena Winter,Winter,NA,54.00053846,-129.7862131,H,NA,FWA Streams_Line_BC
290,Skeena Coastal Winters,9735,KHYEX RIVER,Skeena,400036100,Skeena Winter,Coastal Winters,North Coast,Winter,NA,29,Skeena Winter,Winter,NA,54.23756725,-129.7939374,H,NA,FWA Streams_Line_BC
290,Skeena Coastal Winters,9736,SCOTIA RIVER,Skeena,400057000,Skeena Winter,Coastal Winters,North Coast,Winter,NA,30,Skeena Winter,Winter,NA,54.15802839,-129.6365041,H,NA,FWA Streams_Line_BC
290,Skeena Coastal Winters,9737,KASIKS RIVER,Skeena,400093200,Skeena Winter,Coastal Winters,North Coast,Winter,NA,31,Skeena Winter,Winter,NA,54.33093528,-129.4487473,H,NA,FWA Streams_Line_BC
290,Skeena Coastal Winters,9738,GITNADOIX RIVER,Skeena,400113400,Skeena Winter,Coastal Winters,North Coast,Winter,NA,32,Skeena Winter,Winter,NA,54.20545794,-129.1856789,H,NA,FWA Streams_Line_BC
290,Skeena Coastal Winters,9739,EXSTEW RIVER,Skeena,400137400,Skeena Winter,Coastal Winters,North Coast,Winter,NA,33,Skeena Winter,Winter,NA,54.51630973,-129.195863,H,NA,FWA Streams_Line_BC
290,Skeena Coastal Winters,9740,SHAMES RIVER,Skeena,400157500,Skeena Winter,Coastal Winters,North Coast,Winter,NA,34,Skeena Winter,Winter,NA,54.46741711,-128.9376279,H,NA,FWA Streams_Line_BC
290,Skeena Coastal Winters,9741,EXCHAMSIKS RIVER,Skeena,410,Skeena Winter,Coastal Winters,North Coast,Winter,NA,47,Skeena Winter,Winter,NA,54.47736434,-129.5452927,H,NA,FWA Streams_Line_BC
480,Nass Summer,9742,Nass above Taylor exclud,Nass,500,Nass  Summer,NA,North Coast,Interior Summer,IS,61,Nass  Summer,Interior Summer,NA,56.33295,-128.7039,M,NA,ArcGIS world geocoding service
480,Nass Summer,9743,KSI SII AKS,Nass,500185700,Nass  Summer,NA,North Coast,Interior Summer,W IS,67,Nass  Summer,Interior Summer,NA,55.221675,-129.105572,H,KB; name changed from TSEAX RIVER to KSI SII AKS by Katy,NuSEDs
480,Nass Summer,9744,SEASKINNISH CREEK,Nass,500201900,Nass  Summer,NA,North Coast,Interior Summer,IS,68,Nass  Summer,Interior Summer,NA,55.28286,-129.02037,M,NA,ArcGIS world geocoding service
480,Nass Summer,9745,TCHITIN RIVER,Nass,500271900,Nass  Summer,NA,North Coast,Interior Summer,IS,69,Nass  Summer,Interior Summer,NA,55.58505784,-129.1175877,H,NA,FWA Streams_Line_BC
480,Nass Summer,9746,KWINAGEESE RIVER,Nass,500571900,Nass  Summer,NA,North Coast,Interior Summer,IS,70,Nass  Summer,Interior Summer,NA,56.01289329,-128.7580768,H,NA,FWA Streams_Line_BC
480,Nass Summer,9747,CRANBERRY RIVER,Nass,530,Nass  Summer,NA,North Coast,Interior Summer,NA,72,Nass  Summer,Interior Summer,NA,55.55326089,-128.7055047,H,NA,FWA Streams_Line_BC
480,Nass Summer,9748,WHITE RIVER,Nass,540,Nass  Summer,NA,North Coast,Interior Summer,NA,73,Nass  Summer,Interior Summer,NA,55.88239385,-129.2825425,H,NA,FWA Streams_Line_BC
480,Nass Summer,9750,MEZIADIN RIVER,Nass,550,Nass  Summer,NA,North Coast,Interior Summer,NA,74,Nass  Summer,Interior Summer,NA,56.03650458,-129.1851747,H,NA,FWA Streams_Line_BC
480,Nass Summer,9751,BELL-IRVING RIVER,Nass,560,Nass  Summer,NA,North Coast,Interior Summer,NA,75,Nass  Summer,Interior Summer,NA,56.49253106,-129.4398657,H,NA,FWA Streams_Line_BC
480,Nass Summer,9752,TAYLOR RIVER,Nass,570,Nass  Summer,NA,North Coast,Interior Summer,NA,76,Nass  Summer,Interior Summer,NA,56.51691064,-128.9082101,H,NA,FWA Streams_Line_BC
480,Nass Summer,9754,DAMDOCHAX CREEK,Nass,580,Nass  Summer,NA,North Coast,Interior Summer,NA,77,Nass  Summer,Interior Summer,NA,56.52624071,-128.2341717,H,NA,FWA Streams_Line_BC
481,Nass Winter,9755,KSI GINGOLX,Nass,500002500,Nass Winter,NA,North Coast,Winter,NA,62,Nass Winter,Winter,NA,54.996369,-129.962681,M,KB; name changed from KINCOLITH RIVER to KSI GINGOLX by Katy,NuSEDs
481,Nass Winter,9756,Chambers,Nass,500009000,Nass Winter,NA,North Coast,Winter,NA,63,Nass Winter,Winter,NA,52.53316,-121.93609,M,NA,ArcGIS world geocoding service
481,Nass Winter,9757,IKNOUK RIVER,Nass,500030000,Nass Winter,NA,North Coast,Winter,NA,64,Nass Winter,Winter,NA,55.01624,-129.82026,M,NA,ArcGIS world geocoding service
481,Nass Winter,9758,KSEDIN CREEK,Nass,500112000,Nass Winter,NA,North Coast,Winter,NA,65,Nass Winter,Winter,NA,55.066677,-129.399888,L,CA,Google search
481,Nass Winter,9759,SHUMAL CREEK,Nass,500178600,Nass Winter,NA,North Coast,Winter,NA,66,Nass Winter,Winter,NA,55.216667,-129.149994,M,NA,Google search
481,Nass Winter,9760,ISHKHEENICKH RIVER,Nass,510,Nass Winter,NA,North Coast,Winter,NA,71,Nass Winter,Winter,NA,54.994446,-129.636108,L,NA,Google search
680,North Coast Winter,9761,TANKEEAH RIVER,North Coast,910463800,N. Coast Winter,NA,North Coast,Winter,NA,187,N. Coast Winter,Winter,NA,52.29963,-128.27001,M,NA,ArcGIS world geocoding service
680,North Coast Winter,9762,KAINET CREEK,North Coast,910500000,N. Coast Winter,NA,North Coast,Winter,NA,188,N. Coast Winter,Winter,NA,52.75630687,-127.8765613,H,NA,FWA Streams_Line_BC
680,North Coast Winter,9763,MUSSEL RIVER,North Coast,910514200,N. Coast Winter,NA,North Coast,Winter,NA,189,N. Coast Winter,Winter,NA,52.98419163,-128.1032757,H,NA,FWA Streams_Line_BC
680,North Coast Winter,9764,GREEN INLET CREEK,North Coast,9.11E+08,N. Coast Winter,NA,North Coast,Winter,NA,190,N. Coast Winter,Winter,NA,52.91631,-128.43667,M,NA,ArcGIS world geocoding service
680,North Coast Winter,9765,KHUTZE RIVER,North Coast,910545100,N. Coast Winter,NA,North Coast,Winter,NA,191,N. Coast Winter,Winter,NA,53.08305235,-128.3650353,H,NA,FWA Streams_Line_BC
680,North Coast Winter,9766,AALTANHASH RIVER,North Coast,910550600,N. Coast Winter,NA,North Coast,Winter,NA,192,N. Coast Winter,Winter,NA,53.1691405,-128.4846529,H,NA,FWA Streams_Line_BC
680,North Coast Winter,9767,KILTUISH RIVER,North Coast,910593300,N. Coast Winter,NA,North Coast,Winter,NA,194,N. Coast Winter,Winter,NA,53.29748927,-128.4356892,H,NA,FWA Streams_Line_BC
680,North Coast Winter,9768,KOWESAS RIVER,North Coast,910608300,N. Coast Winter,NA,North Coast,Winter,NA,195,N. Coast Winter,Winter,NA,53.24006746,-128.1351868,H,NA,FWA Streams_Line_BC
680,North Coast Winter,9769,KITLOPE RIVER,North Coast,910617600,N. Coast Winter,NA,North Coast,Winter,NA,196,N. Coast Winter,Winter,NA,53.16848094,-127.76123,H,NA,FWA Streams_Line_BC
680,North Coast Winter,9770,TSAYTIS RIVER,North Coast,910618500,N. Coast Winter,NA,North Coast,Winter,NA,197,N. Coast Winter,Winter,NA,53.32651613,-127.7365102,H,NA,FWA Streams_Line_BC
680,North Coast Winter,9771,KEMANO RIVER,North Coast,910627400,N. Coast Winter,NA,North Coast,Winter,NA,198,N. Coast Winter,Winter,NA,53.52594624,-127.9907302,H,NA,FWA Streams_Line_BC
680,North Coast Winter,9772,BRIM RIVER,North Coast,910632400,N. Coast Winter,NA,North Coast,Winter,NA,199,N. Coast Winter,Winter,NA,53.51510685,-128.3625654,H,NA,FWA Streams_Line_BC
680,North Coast Winter,9773,WEEWANIE CREEK,North Coast,9.11E+08,N. Coast Winter,NA,North Coast,Winter,NA,200,N. Coast Winter,Winter,NA,53.71245196,-128.710511,H,NA,FWA Streams_Line_BC
680,North Coast Winter,9774,KILDALA RIVER,North Coast,9.11E+08,N. Coast Winter,NA,North Coast,Winter,NA,201,N. Coast Winter,Winter,NA,53.78141285,-128.2932595,H,NA,FWA Streams_Line_BC
680,North Coast Winter,9775,DALA RIVER,North Coast,910661200,N. Coast Winter,NA,North Coast,Winter,NA,202,N. Coast Winter,Winter,NA,53.90923082,-128.3852495,H,NA,FWA Streams_Line_BC
680,North Coast Winter,9776,WATHL CREEK,North Coast,910670400,N. Coast Winter,NA,North Coast,Winter,NA,203,N. Coast Winter,Winter,NA,53.97687923,-128.6468076,H,NA,FWA Streams_Line_BC
680,North Coast Winter,9777,KITIMAT RIVER,North Coast,910673500,N. Coast Winter,NA,North Coast,Winter,NA,204,N. Coast Winter,Winter,NA,54.24339722,-128.4427411,H,NA,FWA Streams_Line_BC
680,North Coast Winter,9778,GILTTOYEES CREEK,North Coast,910695400,N. Coast Winter,NA,North Coast,Winter,NA,206,N. Coast Winter,Winter,NA,53.94757918,-129.0769905,H,NA,FWA Streams_Line_BC
680,North Coast Winter,9780,QUAAL RIVER,North Coast,910713900,N. Coast Winter,NA,North Coast,Winter,NA,209,N. Coast Winter,Winter,NA,53.65152399,-129.3446738,H,NA,FWA Streams_Line_BC
680,North Coast Winter,9781,KEESIL CREEK,North Coast,910727100,N. Coast Winter,NA,North Coast,Winter,NA,210,N. Coast Winter,Winter,NA,53.44864,-129.239598,H,KB,NuSEDs
680,North Coast Winter,9782,KUMOWDAH RIVER,North Coast,910740100,N. Coast Winter,NA,North Coast,Winter,NA,211,N. Coast Winter,Winter,NA,53.56465907,-129.4363096,H,NA,FWA Streams_Line_BC
680,North Coast Winter,9783,BRODIE LAKE CREEK,North Coast,910748900,N. Coast Winter,NA,North Coast,Winter,NA,212,N. Coast Winter,Winter,NA,53.66622,-129.70339,M,NA,ArcGIS world geocoding service
680,North Coast Winter,9784,KUMEALON CREEK,North Coast,910768900,N. Coast Winter,NA,North Coast,Winter,NA,213,N. Coast Winter,Winter,NA,53.8770326,-129.9670585,H,NA,FWA Streams_Line_BC
680,North Coast Winter,9785,KLOIYA RIVER,North Coast,910791900,N. Coast Winter,NA,North Coast,Winter,NA,214,N. Coast Winter,Winter,NA,54.24152072,-130.1527862,H,NA,FWA Streams_Line_BC
680,North Coast Winter,9786,SHAWATLAN RIVER,North Coast,910797600,N. Coast Winter,NA,North Coast,Winter,NA,215,N. Coast Winter,Winter,NA,54.34944,-130.22013,M,NA,ArcGIS world geocoding service
680,North Coast Winter,9787,LACHMACH RIVER,North Coast,910846300,N. Coast Winter,NA,North Coast,Winter,NA,216,N. Coast Winter,Winter,NA,54.29945,-129.9867,M,NA,ArcGIS world geocoding service
680,North Coast Winter,9788,TOON RIVER,North Coast,910855600,N. Coast Winter,NA,North Coast,Winter,NA,217,N. Coast Winter,Winter,NA,54.51468333,-129.9707146,H,NA,FWA Streams_Line_BC
680,North Coast Winter,9789,ENSHESHESE RIVER,North Coast,910863100,N. Coast Winter,NA,North Coast,Winter,NA,218,N. Coast Winter,Winter,NA,54.51486974,-130.2100133,H,NA,FWA Streams_Line_BC
680,North Coast Winter,9790,KHUTZEYMATEEN RIVER,North Coast,9.11E+08,N. Coast Winter,NA,North Coast,Winter,NA,219,N. Coast Winter,Winter,NA,54.63212411,-129.8557015,H,NA,FWA Streams_Line_BC
680,North Coast Winter,9791,KWINAMASS RIVER,North Coast,9.11E+08,N. Coast Winter,NA,North Coast,Winter,NA,220,N. Coast Winter,Winter,NA,54.77556,-130.14611,M,NA,ArcGIS world geocoding service
680,North Coast Winter,9792,STAGOO CREEK,North Coast,910919700,N. Coast Winter,NA,North Coast,Winter,NA,221,N. Coast Winter,Winter,NA,55.25048585,-129.6628362,H,NA,FWA Streams_Line_BC
680,North Coast Winter,9793,KITSAULT RIVER,North Coast,910930200,N. Coast Winter,NA,North Coast,Winter,NA,222,N. Coast Winter,Winter,NA,55.48172711,-129.4820741,H,NA,FWA Streams_Line_BC
680,North Coast Winter,9794,KSHWAN RIVER,North Coast,910941800,N. Coast Winter,NA,North Coast,Winter,NA,223,N. Coast Winter,Winter,NA,55.63049492,-129.7994265,H,NA,FWA Streams_Line_BC
680,North Coast Winter,9795,BONANZA CREEK,North Coast,910949800,N. Coast Winter,NA,North Coast,Winter,NA,224,N. Coast Winter,Winter,NA,55.3901186,-129.8375205,H,NA,FWA Streams_Line_BC
680,North Coast Winter,9799,BEAR RIVER,North Coast,910999400,N. Coast Winter,NA,North Coast,Winter,NA,225,N. Coast Winter,Winter,NA,56.04581019,-129.9218907,H,NA,FWA Streams_Line_BC
680,North Coast Winter,9800,KISAMEET RIVER,North Coast,9.15E+13,N. Coast Winter,NA,North Coast,Winter,NA,226,N. Coast Winter,Winter,NA,51.96854723,-127.8657944,M,associated with lake not creek,Google Maps
680,North Coast Winter,9801,KADJUSDIS RIVER,North Coast,9.15E+13,N. Coast Winter,NA,North Coast,Winter,NA,227,N. Coast Winter,Winter,NA,52.152378,-128.043121,H,DFO Report indicates that SEL-19-24 CU is located at the system also.,NuSEDs
680,North Coast Winter,9802,KWAKWA CREEK,North Coast,9.15E+13,N. Coast Winter,NA,North Coast,Winter,NA,228,N. Coast Winter,Winter,NA,52.55310963,-128.6377797,H,NA,FWA Streams_Line_BC
680,North Coast Winter,9803,SURF RIVER,North Coast,9.15E+13,N. Coast Winter,NA,North Coast,Winter,NA,229,N. Coast Winter,Winter,NA,53.11800401,-128.969921,H,NA,FWA Streams_Line_BC
680,North Coast Winter,9804,WHALEN CREEK,North Coast,9.15E+13,N. Coast Winter,NA,North Coast,Winter,NA,230,N. Coast Winter,Winter,NA,53.24923814,-129.0659097,H,NA,FWA Streams_Line_BC
680,North Coast Winter,9805,WALLER CREEK,North Coast,9.16E+13,N. Coast Winter,NA,North Coast,Winter,NA,232,N. Coast Winter,Winter,NA,53.34952,-130.12008,M,NA,ArcGIS world geocoding service
680,North Coast Winter,9806,BANKS LAKES CREEK,North Coast,9.16E+13,N. Coast Winter,NA,North Coast,Winter,NA,233,N. Coast Winter,Winter,NA,53.39952,-130.15338,L,associated with lake not creek,ArcGIS world geocoding service
680,North Coast Winter,9807,SOUTH BONILLA CREEK,North Coast,9.16E+13,N. Coast Winter,NA,North Coast,Winter,NA,234,N. Coast Winter,Winter,NA,53.508946,-130.299699,H,KB,FISS
680,North Coast Winter,9808,END HILL CREEK,North Coast,9.16E+13,N. Coast Winter,NA,North Coast,Winter,NA,235,N. Coast Winter,Winter,NA,53.593926,-130.362703,H,NA,NuSEDs
680,North Coast Winter,9809,KOORYET CREEK,North Coast,9.16E+13,N. Coast Winter,NA,North Coast,Winter,NA,236,N. Coast Winter,Winter,NA,53.34232717,-129.8920699,H,NA,FWA Streams_Line_BC
680,North Coast Winter,9810,KEECHA CREEK,North Coast,9.16E+13,N. Coast Winter,NA,North Coast,Winter,NA,237,N. Coast Winter,Winter,NA,53.299999,-129.833328,M,NA,Google Search
680,North Coast Winter,9819,HEVENOR INLET CREEK,North Coast,9.16E+13,N. Coast Winter,NA,North Coast,Winter,NA,240,N. Coast Winter,Winter,NA,53.6495,-130.03667,M,NA,ArcGIS world geocoding service
680,North Coast Winter,9820,CAPTAIN COVE CREEK,North Coast,9.16E+13,N. Coast Winter,NA,North Coast,Winter,NA,241,N. Coast Winter,Winter,NA,53.811275,-130.168094,M,CA,ArcGIS world geocoding service
680,North Coast Winter,9821,PA-AAT RIVER,North Coast,9.16E+13,N. Coast Winter,NA,North Coast,Winter,NA,242,N. Coast Winter,Winter,NA,53.80348158,-130.009805,H,NA,FWA Streams_Line_BC
680,North Coast Winter,9822,SALTER LAKE CREEK,North Coast,9.16E+13,N. Coast Winter,NA,North Coast,Winter,NA,243,N. Coast Winter,Winter,NA,53.54953,-129.67009,M,NA,ArcGIS world geocoding service
680,North Coast Winter,9823,TSIMTACK LAKE CREEK,North Coast,9.16E+13,N. Coast Winter,NA,North Coast,Winter,NA,244,N. Coast Winter,Winter,NA,53.39956,-129.4701,M,NA,ArcGIS world geocoding service
680,North Coast Winter,9824,KESWAR CREEK,North Coast,9.16E+13,N. Coast Winter,NA,North Coast,Winter,NA,245,N. Coast Winter,Winter,NA,53.643583,-130.343249,L,Associated with FN IR of same name,Google Search
680,North Coast Winter,9825,USELESS CREEK,North Coast,9.16E+13,N. Coast Winter,NA,North Coast,Winter,NA,246,N. Coast Winter,Winter,NA,54.03276,-130.55339,M,NA,ArcGIS world geocoding service
680,North Coast Winter,10279,BISH CREEK,North Coast,910677700,N. Coast Winter,NA,North Coast,Winter,W CS,,N. Coast Winter,Winter,NA,53.94125745,-128.769774,H,"added manually after revisions to expand winter CUs to include rivers with winter and coastal summer runs - duplicate with corresponding summer cu, but with unique stream id",FWA Streams_Line_BC
680,North Coast Winter,10281,CANOONA RIVER,North Coast,9.15E+13,N. Coast Winter,NA,North Coast,Winter,W CS,,N. Coast Winter,Winter,NA,53.06011638,-128.6936315,H,"added manually after revisions to expand winter CUs to include rivers with winter and coastal summer runs - duplicate with corresponding summer cu, but with unique stream id",FWA Streams_Line_BC
681,North Coast Summer,9826,TRIUMPH RIVER,North Coast,910584500,N. Coast Summer,NA,North Coast,Summer,CS,193,N. Coast Summer,Summer,NA,53.4393452,-128.6847976,H,NA,FWA Streams_Line_BC
681,North Coast Summer,9827,BISH CREEK,North Coast,910677700,N. Coast Summer,NA,North Coast,Summer,W CS,205,N. Coast Summer,Summer,NA,53.94125745,-128.769774,H,NA,FWA Streams_Line_BC
681,North Coast Summer,9828,KITKIATA CREEK,North Coast,9.11E+08,N. Coast Summer,NA,North Coast,Summer,CS,208,N. Coast Summer,Summer,NA,53.65745745,-129.2883991,H,NA,FWA Streams_Line_BC
681,North Coast Summer,9829,CANOONA RIVER,North Coast,9.15E+13,N. Coast Summer,NA,North Coast,Summer,W CS,231,N. Coast Summer,Summer,NA,53.06011638,-128.6936315,H,NA,FWA Streams_Line_BC
682,Central Coast Winter,9830,TAKUSH RIVER,Central Coast,910012400,Cent. Coast Winter,NA,South North Transition,Winter,NA,162,Cent. Coast Winter,Winter,NA,51.22250173,-127.5549759,H,NA,FWA Streams_Line_BC
682,Central Coast Winter,9831,SMOKEHOUSE CREEK,Central Coast,910025600,Cent. Coast Winter,NA,South North Transition,Winter,NA,163,Cent. Coast Winter,Winter,NA,51.33256846,-126.99606,H,NA,FWA Streams_Line_BC
682,Central Coast Winter,9832,NEKITE RIVER,Central Coast,910041700,Cent. Coast Winter,NA,South North Transition,Winter,NA,164,Cent. Coast Winter,Winter,NA,51.41088588,-127.1001094,H,NA,FWA Streams_Line_BC
682,Central Coast Winter,9833,LOCKHART GORDON CREEK,Central Coast,910107400,Cent. Coast Winter,NA,South North Transition,Winter,NA,165,Cent. Coast Winter,Winter,NA,51.40938762,-127.2433564,H,NA,FWA Streams_Line_BC
682,Central Coast Winter,9834,JOHNSTON CREEK,Central Coast,910118900,Cent. Coast Winter,NA,South North Transition,Winter,NA,166,Cent. Coast Winter,Winter,NA,51.48295,-127.53652,M,NA,ArcGIS world geocoding service
682,Central Coast Winter,9835,WANNOCK RIVER,Central Coast,910128800,Cent. Coast Winter,NA,South North Transition,Winter,NA,167,Cent. Coast Winter,Winter,NA,51.67637396,-127.1972052,H,NA,FWA Streams_Line_BC
682,Central Coast Winter,9836,KILBELLA RIVER,Central Coast,910130900,Cent. Coast Winter,NA,South North Transition,Winter,NA,168,Cent. Coast Winter,Winter,NA,51.8588349,-127.2623088,H,NA,FWA Streams_Line_BC
682,Central Coast Winter,9837,CHUCKWALLA RIVER,Central Coast,9.10E+13,Cent. Coast Winter,NA,South North Transition,Winter,NA,169,Cent. Coast Winter,Winter,NA,51.75713184,-127.2479279,H,NA,FWA Streams_Line_BC
682,Central Coast Winter,9838,CLYAK RIVER,Central Coast,910141200,Cent. Coast Winter,NA,South North Transition,Winter,NA,170,Cent. Coast Winter,Winter,NA,52.00203565,-127.239818,H,NA,FWA Streams_Line_BC
682,Central Coast Winter,9839,MILTON RIVER,Central Coast,910146000,Cent. Coast Winter,NA,South North Transition,Winter,NA,171,Cent. Coast Winter,Winter,NA,51.84933809,-127.461283,H,NA,FWA Streams_Line_BC
682,Central Coast Winter,9840,MACNAIR CREEK,Central Coast,910150900,Cent. Coast Winter,NA,South North Transition,Winter,NA,172,Cent. Coast Winter,Winter,NA,51.73275412,-127.5524313,H,NA,FWA Streams_Line_BC
682,Central Coast Winter,9841,ELIZABETH LAKE CREEK,Central Coast,9.10E+08,Cent. Coast Winter,NA,South North Transition,Winter,NA,173,Cent. Coast Winter,Winter,NA,51.71635,-127.78657,L,Lake not creek associated with it.,ArcGIS world geocoding service
682,Central Coast Winter,9842,KOEYE RIVER,Central Coast,910212200,Cent. Coast Winter,NA,South North Transition,Winter,NA,174,Cent. Coast Winter,Winter,NA,51.77734578,-127.8463183,H,NA,FWA Streams_Line_BC
682,Central Coast Winter,9843,NAMU RIVER,Central Coast,910216500,Cent. Coast Winter,NA,South North Transition,Winter,NA,175,Cent. Coast Winter,Winter,NA,51.84965,-127.86998,M,NA,ArcGIS world geocoding service
682,Central Coast Winter,9844,NOOTUM RIVER,Central Coast,910225900,Cent. Coast Winter,NA,South North Transition,Winter,NA,176,Cent. Coast Winter,Winter,NA,51.88478827,-127.6682978,H,NA,FWA Streams_Line_BC
682,Central Coast Winter,9845,KWATNA RIVER,Central Coast,910246500,Cent. Coast Winter,NA,South North Transition,Winter,NA,177,Cent. Coast Winter,Winter,NA,52.10069865,-127.3363868,H,NA,FWA Streams_Line_BC
682,Central Coast Winter,9846,ASSEEK RIVER,Central Coast,910273700,Cent. Coast Winter,NA,South North Transition,Winter,NA,178,Cent. Coast Winter,Winter,NA,51.96638,-126.68649,M,NA,ArcGIS world geocoding service
682,Central Coast Winter,9847,TALEOMEY RIVER,Central Coast,910275900,Cent. Coast Winter,NA,South North Transition,Winter,NA,179,Cent. Coast Winter,Winter,NA,51.99737138,-126.395705,H,NA,FWA Streams_Line_BC
682,Central Coast Winter,9848,NOEICK RIVER,Central Coast,9.10E+08,Cent. Coast Winter,NA,South North Transition,Winter,NA,180,Cent. Coast Winter,Winter,NA,52.17305019,-126.3695339,H,NA,FWA Streams_Line_BC
682,Central Coast Winter,9849,NOOSESECK RIVER,Central Coast,910296200,Cent. Coast Winter,NA,South North Transition,Winter,NA,182,Cent. Coast Winter,Winter,NA,52.41539711,-126.9826493,H,NA,FWA Streams_Line_BC
682,Central Coast Winter,9850,KIMSQUIT RIVER,Central Coast,910322400,Cent. Coast Winter,NA,South North Transition,Winter,NA,184,Cent. Coast Winter,Winter,NA,52.91554919,-127.1259283,H,NA,FWA Streams_Line_BC
682,Central Coast Winter,9851,SKOWQUILTZ RIVER,Central Coast,910334000,Cent. Coast Winter,NA,South North Transition,Winter,NA,185,Cent. Coast Winter,Winter,NA,52.65234899,-127.3011103,H,NA,FWA Streams_Line_BC
682,Central Coast Winter,9852,PINE RIVER,Central Coast,910441000,Cent. Coast Winter,NA,South North Transition,Winter,NA,186,Cent. Coast Winter,Winter,NA,52.653252,-128.052228,H,KB,NuSEDs
682,Central Coast Winter,10277,Atnarko River,Central Coast,,Cent. Coast Winter,NA,South North Transition,Winter,W CS,,Cent. Coast Winter,Winter,NA,52.371392,-126.081226,H,"added manually after revisions to expand winter CUs to include rivers with winter and coastal summer runs - duplicate with corresponding summer cu, but with unique stream id",CA_Check
682,Central Coast Winter,10278,BELLA COOLA RIVER,Central Coast,910290700,Cent. Coast Winter,NA,South North Transition,Winter,W CS,,Cent. Coast Winter,Winter,NA,52.42317066,-126.4367711,H,"added manually after revisions to expand winter CUs to include rivers with winter and coastal summer runs - duplicate with corresponding summer cu, but with unique stream id",FWA Streams_Line_BC
682,Central Coast Winter,10288,DEAN RIVER,Central Coast,910318700,Cent. Coast Winter,NA,South North Transition,Winter,W CS,,Cent. Coast Winter,Winter,NA,52.76859543,-126.5858057,H,"added manually after revisions to expand winter CUs to include rivers with winter and coastal summer runs - duplicate with corresponding summer cu, but with unique stream id",FWA Streams_Line_BC
683,Transition Summer,9853,BELLA COOLA RIVER,Bella Coola Dean,910290700,Transition Summer,NA,South North Transition,Summer,W CS,181,Transition Summer,Summer,NA,52.42317066,-126.4367711,H,NA,FWA Streams_Line_BC
683,Transition Summer,9854,DEAN RIVER,Bella Coola Dean,910318700,Transition Summer,NA,South North Transition,Summer,W CS,183,Transition Summer,Summer,NA,52.76859543,-126.5858057,H,NA,FWA Streams_Line_BC
683,Transition Summer,10272,Atnarko River,Bella Coola Dean,,Transition Summer,NA,South North Transition,Summer,W CS,,Transition Summer,Summer,NA,52.371392,-126.081226,H,"added stream manually, survey counts seperate from bella coola",CA_Check
780,Mid Fraser Summer,9855,SETON RIVER,Mid Fraser,100235900,Mid Fraser  Summer,NA,Interior,Interior Summer,IS,12,Mid Fraser  Summer,Interior Summer,NA,50.67081909,-121.9533358,H,NA,FWA Streams_Line_BC
780,Mid Fraser Summer,9856,BRIDGE RIVER,Mid Fraser,100241900,Mid Fraser  Summer,NA,Interior,Interior Summer,IS,13,Mid Fraser  Summer,Interior Summer,NA,50.82670599,-123.2177592,H,NA,FWA Streams_Line_BC
780,Mid Fraser Summer,9857,CHILCOTIN RIVER,Mid Fraser,1.50E+02,Mid Fraser  Summer,NA,Interior,Interior Summer,IS,24,Mid Fraser  Summer,Interior Summer,NA,51.707274,-124.108419,H,NA,FWA Streams_Line_BC
780,Mid Fraser Summer,9858,TASEKO RIVER,Mid Fraser,1.50E+13,Mid Fraser  Summer,NA,Interior,Interior Summer,IS,25,Mid Fraser  Summer,Interior Summer,NA,51.42001267,-123.6597313,H,NA,FWA Streams_Line_BC
780,Mid Fraser Summer,9859,QUESNEL RIVER,Mid Fraser,160,Mid Fraser  Summer,NA,Interior,Interior Summer,IS,26,Mid Fraser  Summer,Interior Summer,NA,52.90826567,-122.2880817,H,NA,FWA Streams_Line_BC
781,Thompson Summer,9860,THOMPSON RIVER,Thompson,120,Thompson Summer,NA,Interior,Interior Summer,IS,20,Thompson Summer,Interior Summer,NA,50.7541777,-121.1991427,H,NA,FWA Streams_Line_BC
781,Thompson Summer,9861,NICOLA RIVER,Thompson,1.20E+08,Thompson Summer,NA,Interior,Interior Summer,IS,21,Thompson Summer,Interior Summer,NA,50.19557886,-121.0676044,H,NA,FWA Streams_Line_BC
781,Thompson Summer,9862,BONAPARTE RIVER,Thompson,120506800,Thompson Summer,NA,Interior,Interior Summer,IS,22,Thompson Summer,Interior Summer,NA,51.26940368,-120.9046824,H,NA,FWA Streams_Line_BC
781,Thompson Summer,9863,DEADMAN RIVER,Thompson,1.21E+08,Thompson Summer,NA,Interior,Interior Summer,IS,23,Thompson Summer,Interior Summer,NA,50.74417,-120.92066,M,NA,ArcGIS world geocoding service
782,Lower Fraser Winter,9864,COQUITLAM RIVER,Lower Fraser,100024500,L. Fraser Winter,NA,South Coast,Winter,NA,1,L. Fraser Winter,Winter,NA,49.2617456,-122.7884958,H,NA,FWA Streams_Line_BC
782,Lower Fraser Winter,9865,PITT RIVER,Lower Fraser,100026700,L. Fraser Winter,NA,South Coast,Winter,NA,2,L. Fraser Winter,Winter,NA,49.28294056,-122.6943673,H,NA,FWA Streams_Line_BC
782,Lower Fraser Winter,9866,ALOUETTE RIVER,Lower Fraser,1.00E+13,L. Fraser Winter,NA,South Coast,Winter,NA,3,L. Fraser Winter,Winter,NA,49.25437633,-122.6477408,H,NA,FWA Streams_Line_BC
782,Lower Fraser Winter,9867,KANAKA CREEK,Lower Fraser,100037400,L. Fraser Winter,NA,South Coast,Winter,NA,4,L. Fraser Winter,Winter,NA,49.20313499,-122.5760948,H,NA,FWA Streams_Line_BC
782,Lower Fraser Winter,9868,SALMON RIVER,Lower Fraser,100038800,L. Fraser Winter,NA,South Coast,Winter,NA,5,L. Fraser Winter,Winter,NA,49.177173,-122.58701,H,KB,NuSEDs
782,Lower Fraser Winter,9870,NORRISH CREEK,Lower Fraser,100064000,L. Fraser Winter,NA,South Coast,Winter,NA,6,L. Fraser Winter,Winter,NA,49.17312368,-122.1417228,H,NA,FWA Streams_Line_BC
782,Lower Fraser Winter,9871,VEDDER - CHILLIWACK RIVE,Lower Fraser,1.00E+13,L. Fraser Winter,NA,South Coast,Winter,NA,7,L. Fraser Winter,Winter,NA,49.13298,-122.10258,M,NA,ArcGIS world geocoding service
782,Lower Fraser Winter,9872,CHEHALIS RIVER,Lower Fraser,110090200,L. Fraser Winter,NA,South Coast,Winter,NA,14,L. Fraser Winter,Winter,NA,49.31002927,-121.9579497,H,NA,FWA Streams_Line_BC
782,Lower Fraser Winter,9873,WEAVER CREEK,Lower Fraser,110149200,L. Fraser Winter,NA,South Coast,Winter,NA,15,L. Fraser Winter,Winter,NA,49.31499393,-121.8801504,H,NA,FWA Streams_Line_BC
782,Lower Fraser Winter,9874,COGBURN CREEK,Lower Fraser,110535100,L. Fraser Winter,NA,South Coast,Winter,NA,16,L. Fraser Winter,Winter,NA,49.55525342,-121.7240411,H,NA,FWA Streams_Line_BC
782,Lower Fraser Winter,9875,BIG SILVER CREEK,Lower Fraser,110599000,L. Fraser Winter,NA,South Coast,Winter,NA,17,L. Fraser Winter,Winter,NA,49.59591105,-121.8313458,H,NA,FWA Streams_Line_BC
782,Lower Fraser Winter,9876,LILLOOET RIVER,Lower Fraser,119,L. Fraser Winter,NA,South Coast,Winter,NA,18,L. Fraser Winter,Winter,NA,50.54353027,-123.1429927,H,NA,FWA Streams_Line_BC
782,Lower Fraser Winter,9877,BIRKENHEAD RIVER,Lower Fraser,119425100,L. Fraser Winter,NA,South Coast,Winter,NA,19,L. Fraser Winter,Winter,NA,50.30983004,-122.6370545,H,NA,FWA Streams_Line_BC
782,Lower Fraser Winter,10286,COQUIHALLA RIVER,Lower Fraser,100115400,L. Fraser Winter,NA,South Coast,Winter,W CS,,L. Fraser Winter,Winter,NA,49.37965455,-121.3350092,H,"added manually after revisions to expand winter CUs to include rivers with winter and coastal summer runs - duplicate with corresponding summer cu, but with unique stream id",FWA Streams_Line_BC
782,Lower Fraser Winter,10300,SILVERHOPE CREEK,Lower Fraser,100112900,L. Fraser Winter,NA,South Coast,Winter,W CS,,L. Fraser Winter,Winter,NA,49.23977019,-121.3881868,H,"added manually after revisions to expand winter CUs to include rivers with winter and coastal summer runs - duplicate with corresponding summer cu, but with unique stream id",FWA Streams_Line_BC
783,Fraser Canyon Summer,9878,NAHATLATCH RIVER,Fraser Canyon,100170100,Fraser Canyon  Summer,NA,Coast Interior Transition,Interior Summer,W IS,10,Fraser Canyon  Summer,Interior Summer,NA,49.94163235,-121.901971,H,NA,FWA Streams_Line_BC
783,Fraser Canyon Summer,9879,STEIN RIVER,Fraser Canyon,100197200,Fraser Canyon  Summer,NA,Coast Interior Transition,Interior Summer,W IS,11,Fraser Canyon  Summer,Interior Summer,NA,50.3127267,-121.8809286,H,NA,FWA Streams_Line_BC
784,Lower Fraser Summer,9880,SILVERHOPE CREEK,Lower Fraser,100112900,L. Fraser Summer,NA,South Coast,Summer,W CS,8,L. Fraser Summer,Summer,NA,49.23977019,-121.3881868,H,NA,FWA Streams_Line_BC
784,Lower Fraser Summer,9881,COQUIHALLA RIVER,Lower Fraser,100115400,L. Fraser Summer,NA,South Coast,Summer,W CS,9,L. Fraser Summer,Summer,NA,49.37965455,-121.3350092,H,NA,FWA Streams_Line_BC
785,Boundary Bay Winter,9882,LITTLE CAMPBELL RIVER,Boundary Bay,9.00E+08,Boundary Bay Winter,NA,South Coast,Winter,NA,102,Boundary Bay Winter,Winter,NA,50.03478097,-125.2745432,H,NA,FWA Streams_Line_BC
785,Boundary Bay Winter,9884,NICOMEKL RIVER,Boundary Bay,900004300,Boundary Bay Winter,NA,South Coast,Winter,NA,103,Boundary Bay Winter,Winter,NA,49.07403629,-122.834426,H,NA,FWA Streams_Line_BC
785,Boundary Bay Winter,9885,SERPENTINE RIVER,Boundary Bay,900005500,Boundary Bay Winter,NA,South Coast,Winter,NA,104,Boundary Bay Winter,Winter,NA,49.08686469,-122.8231304,H,NA,FWA Streams_Line_BC
880,Haida Gwaii Winter,9886,CAPE BALL RIVER,Queen Charlotte Islands,9.40E+08,Queen Charlotte Is. Winter,NA,North Coast,Winter,NA,359,Queen Charlotte Is. Winter,Winter,NA,53.68199653,-131.8944832,H,NA,FWA Streams_Line_BC
880,Haida Gwaii Winter,9887,MAYER RIVER,Haida Gwaii Islands,940053500,Queen Charlotte Is. Winter,NA,North Coast,Winter,NA,360,Queen Charlotte Is. Winter,Winter,NA,53.6495,-131.92012,M,NA,ArcGIS world geocoding service
880,Haida Gwaii Winter,9888,TLELL RIVER,Haida Gwaii Islands,940057000,Queen Charlotte Is. Winter,NA,North Coast,Winter,NA,361,Queen Charlotte Is. Winter,Winter,NA,53.56717402,-131.9292527,H,NA,FWA Streams_Line_BC
880,Haida Gwaii Winter,9889,HONNA RIVER,Haida Gwaii Islands,940103900,Queen Charlotte Is. Winter,NA,North Coast,Winter,NA,362,Queen Charlotte Is. Winter,Winter,NA,53.2495,-132.13675,M,NA,ArcGIS world geocoding service
880,Haida Gwaii Winter,9891,BONANZA CREEK,Haida Gwaii Islands,940332900,Queen Charlotte Is. Winter,NA,North Coast,Winter,NA,363,Queen Charlotte Is. Winter,Winter,NA,55.3901186,-129.8375205,H,NA,FWA Streams_Line_BC
880,Haida Gwaii Winter,9892,TARTU INLET OUTER CREEK,Haida Gwaii Islands,940348300,Queen Charlotte Is. Winter,NA,North Coast,Winter,NA,364,Queen Charlotte Is. Winter,Winter,NA,53.44944,-132.67022,M,NA,ArcGIS world geocoding service
880,Haida Gwaii Winter,9893,MERCER CREEK,Haida Gwaii Islands,940440100,Queen Charlotte Is. Winter,NA,North Coast,Winter,NA,365,Queen Charlotte Is. Winter,Winter,NA,,,NA,"CA - Removed incorrect coordinates; Stream by same name on Vancouver Island, no location on HG found for coordinates",ArcGIS world geocoding service
880,Haida Gwaii Winter,9894,OTARD CREEK,Haida Gwaii Islands,9.41E+08,Queen Charlotte Is. Winter,NA,North Coast,Winter,NA,366,Queen Charlotte Is. Winter,Winter,NA,53.7714658,-132.9809551,H,NA,FWA Streams_Line_BC
880,Haida Gwaii Winter,9895,CAVE CREEK,Haida Gwaii Islands,940544800,Queen Charlotte Is. Winter,NA,North Coast,Winter,NA,367,Queen Charlotte Is. Winter,Winter,NA,53.86286781,-133.0713033,H,NA,FWA Streams_Line_BC
880,Haida Gwaii Winter,9896,HAINES CREEK,Haida Gwaii Islands,940560600,Queen Charlotte Is. Winter,NA,North Coast,Winter,NA,368,Queen Charlotte Is. Winter,Winter,NA,53.94541612,-133.1099871,H,NA,FWA Streams_Line_BC
880,Haida Gwaii Winter,9897,JALUN RIVER,Haida Gwaii Islands,9.41E+08,Queen Charlotte Is. Winter,NA,North Coast,Winter,NA,369,Queen Charlotte Is. Winter,Winter,NA,53.96839619,-132.8460105,H,NA,FWA Streams_Line_BC
880,Haida Gwaii Winter,9898,DAVIDSON CREEK,Haida Gwaii Islands,940661700,Queen Charlotte Is. Winter,NA,North Coast,Winter,NA,370,Queen Charlotte Is. Winter,Winter,NA,53.94336081,-132.7012788,H,NA,FWA Streams_Line_BC
880,Haida Gwaii Winter,9899,NADEN RIVER,Haida Gwaii Islands,940665100,Queen Charlotte Is. Winter,NA,North Coast,Winter,NA,371,Queen Charlotte Is. Winter,Winter,NA,53.93837351,-132.6800039,H,NA,FWA Streams_Line_BC
880,Haida Gwaii Winter,9900,LIGNITE CREEK,Haida Gwaii Islands,940672400,Queen Charlotte Is. Winter,NA,North Coast,Winter,NA,372,Queen Charlotte Is. Winter,Winter,NA,53.95745085,-132.6124154,H,NA,FWA Streams_Line_BC
880,Haida Gwaii Winter,9901,AIN RIVER,Haida Gwaii Islands,9.41E+08,Queen Charlotte Is. Winter,NA,North Coast,Winter,NA,373,Queen Charlotte Is. Winter,Winter,NA,53.77204763,-132.4641308,H,NA,FWA Streams_Line_BC
880,Haida Gwaii Winter,9902,AWUN RIVER,Haida Gwaii Islands,940818300,Queen Charlotte Is. Winter,NA,North Coast,Winter,NA,374,Queen Charlotte Is. Winter,Winter,NA,53.64943,-132.5202,M,NA,ArcGIS world geocoding service
880,Haida Gwaii Winter,9903,DATLAMEN CREEK,Haida Gwaii Islands,940851600,Queen Charlotte Is. Winter,NA,North Coast,Winter,NA,375,Queen Charlotte Is. Winter,Winter,NA,53.56679512,-132.4865458,H,NA,FWA Streams_Line_BC
880,Haida Gwaii Winter,9904,MAMIN RIVER,Haida Gwaii Islands,940874800,Queen Charlotte Is. Winter,NA,North Coast,Winter,NA,376,Queen Charlotte Is. Winter,Winter,NA,53.58374714,-132.3131111,H,NA,FWA Streams_Line_BC
880,Haida Gwaii Winter,9905,YAKOUN RIVER,Haida Gwaii Islands,940896100,Queen Charlotte Is. Winter,NA,North Coast,Winter,NA,377,Queen Charlotte Is. Winter,Winter,NA,53.58870545,-132.1745714,H,NA,FWA Streams_Line_BC
880,Haida Gwaii Winter,9906,SANGAN RIVER,Haida Gwaii Islands,940974000,Queen Charlotte Is. Winter,NA,North Coast,Winter,NA,378,Queen Charlotte Is. Winter,Winter,NA,54.02610027,-131.9900548,H,NA,FWA Streams_Line_BC
880,Haida Gwaii Winter,9907,HIELLEN RIVER,Haida Gwaii Islands,940987200,Queen Charlotte Is. Winter,NA,North Coast,Winter,NA,379,Queen Charlotte Is. Winter,Winter,NA,53.993279,-131.8554731,H,NA,FWA Streams_Line_BC
880,Haida Gwaii Winter,9908,COPPER CREEK,Haida Gwaii Islands,9.50E+08,Queen Charlotte Is. Winter,NA,North Coast,Winter,NA,380,Queen Charlotte Is. Winter,Winter,NA,54.009167,-132.141647,L,Masset Area,Google Maps
880,Haida Gwaii Winter,9909,PALLANT CREEK,Haida Gwaii Islands,950065000,Queen Charlotte Is. Winter,NA,North Coast,Winter,NA,381,Queen Charlotte Is. Winter,Winter,NA,53.06397742,-132.0711198,H,NA,FWA Streams_Line_BC
880,Haida Gwaii Winter,9910,BOOMCHAIN BAY CREEK,Haida Gwaii Islands,950907200,Queen Charlotte Is. Winter,NA,North Coast,Winter,NA,382,Queen Charlotte Is. Winter,Winter,NA,53.04501,-132.4387,H,KB,NuSEDs
880,Haida Gwaii Winter,9911,DEENA CREEK,Haida Gwaii Islands,950974300,Queen Charlotte Is. Winter,NA,North Coast,Winter,NA,383,Queen Charlotte Is. Winter,Winter,NA,53.13608714,-132.1529051,H,NA,FWA Streams_Line_BC
880,Haida Gwaii Winter,9912,SKEDANS CREEK,Haida Gwaii Islands,9.55E+13,Queen Charlotte Is. Winter,NA,North Coast,Winter,NA,384,Queen Charlotte Is. Winter,Winter,NA,52.94649412,-131.6423202,H,NA,FWA Streams_Line_BC
880,Haida Gwaii Winter,9913,WINDY BAY CREEK,Haida Gwaii Islands,9.55E+13,Queen Charlotte Is. Winter,NA,North Coast,Winter,NA,385,Queen Charlotte Is. Winter,Winter,NA,52.69957,-131.46999,M,NA,ArcGIS world geocoding service
980,South Coast Winter,9914,INDIAN RIVER,South Coast,900056000,S. Coast  Winter,NA,South Coast,Winter,NA,105,S. Coast  Winter,Winter,NA,49.49665417,-122.8921593,H,NA,FWA Streams_Line_BC
980,South Coast Winter,9915,LYNN CREEK,South Coast,900066900,S. Coast  Winter,NA,South Coast,Winter,NA,107,S. Coast  Winter,Winter,NA,49.37972075,-123.0371769,H,NA,FWA Streams_Line_BC
980,South Coast Winter,9916,STAWAMUS RIVER,South Coast,900091000,S. Coast  Winter,NA,South Coast,Winter,NA,109,S. Coast  Winter,Winter,NA,49.69712263,-123.129976,H,NA,FWA Streams_Line_BC
980,South Coast Winter,9917,SQUAMISH RIVER,South Coast,900097600,S. Coast  Winter,NA,South Coast,Winter,NA,110,S. Coast  Winter,Winter,NA,49.88231427,-123.2732848,H,NA,FWA Streams_Line_BC
980,South Coast Winter,9918,MAMQUAM RIVER,South Coast,9.00E+13,S. Coast  Winter,NA,South Coast,Winter,NA,111,S. Coast  Winter,Winter,NA,49.72768219,-123.1250398,H,NA,FWA Streams_Line_BC
980,South Coast Winter,9919,CHEAKAMUS RIVER,South Coast,9.00E+13,S. Coast  Winter,NA,South Coast,Winter,NA,112,S. Coast  Winter,Winter,NA,49.79119771,-123.1672473,H,NA,FWA Streams_Line_BC
980,South Coast Winter,9920,MCNAB CREEK,South Coast,900106300,S. Coast  Winter,NA,South Coast,Winter,NA,113,S. Coast  Winter,Winter,NA,49.56768968,-123.3853854,H,NA,FWA Streams_Line_BC
980,South Coast Winter,9921,RAINY RIVER,South Coast,900109100,S. Coast  Winter,NA,South Coast,Winter,NA,114,S. Coast  Winter,Winter,NA,49.52694148,-123.4877298,H,NA,FWA Streams_Line_BC
980,South Coast Winter,9922,MCNAIR CREEK,South Coast,900109700,S. Coast  Winter,NA,South Coast,Winter,NA,115,S. Coast  Winter,Winter,NA,49.51636,-123.50269,M,NA,ArcGIS world geocoding service
980,South Coast Winter,9923,CHAPMAN CREEK,South Coast,900120400,S. Coast  Winter,NA,South Coast,Winter,NA,116,S. Coast  Winter,Winter,NA,49.43295,-123.71941,M,NA,ArcGIS world geocoding service
980,South Coast Winter,9924,TZOONIE RIVER,South Coast,900195000,S. Coast  Winter,NA,South Coast,Winter,NA,117,S. Coast  Winter,Winter,NA,49.78987613,-123.7210688,H,NA,FWA Streams_Line_BC
980,South Coast Winter,9925,VANCOUVER RIVER,South Coast,900210100,S. Coast  Winter,NA,South Coast,Winter,NA,118,S. Coast  Winter,Winter,NA,49.92564755,-123.8003365,H,NA,FWA Streams_Line_BC
980,South Coast Winter,9926,DESERTED RIVER,South Coast,9.00E+08,S. Coast  Winter,NA,South Coast,Winter,NA,119,S. Coast  Winter,Winter,NA,50.09137,-123.74719,M,NA,ArcGIS world geocoding service
980,South Coast Winter,9927,SKWAWKA RIVER,South Coast,9.00E+08,S. Coast  Winter,NA,South Coast,Winter,NA,120,S. Coast  Winter,Winter,NA,50.26156943,-124.0313747,H,NA,FWA Streams_Line_BC
980,South Coast Winter,9928,BRITTAIN RIVER,South Coast,9.00E+08,S. Coast  Winter,NA,South Coast,Winter,NA,121,S. Coast  Winter,Winter,NA,50.04314199,-124.0664813,H,NA,FWA Streams_Line_BC
980,South Coast Winter,9929,LANG CREEK,South Coast,900278100,S. Coast  Winter,NA,South Coast,Winter,NA,122,S. Coast  Winter,Winter,NA,49.86731091,-124.466424,H,NA,FWA Streams_Line_BC
980,South Coast Winter,9930,SLIAMMON CREEK,South Coast,9.00E+08,S. Coast  Winter,NA,South Coast,Winter,NA,123,S. Coast  Winter,Winter,NA,49.89962,-124.60282,M,NA,ArcGIS world geocoding service
980,South Coast Winter,9931,THEODOSIA RIVER,South Coast,900309400,S. Coast  Winter,NA,South Coast,Winter,NA,124,S. Coast  Winter,Winter,NA,50.08294,-124.65286,M,NA,ArcGIS world geocoding service
980,South Coast Winter,9932,TOBA RIVER,South Coast,900349300,S. Coast  Winter,NA,South Coast,Winter,NA,125,S. Coast  Winter,Winter,NA,50.53876165,-124.1674075,H,NA,FWA Streams_Line_BC
980,South Coast Winter,9933,LITTLE TOBA RIVER,South Coast,9.00E+13,S. Coast  Winter,NA,South Coast,Winter,NA,126,S. Coast  Winter,Winter,NA,50.44180878,-124.1324231,H,NA,FWA Streams_Line_BC
980,South Coast Winter,9934,ORFORD RIVER,South Coast,900391500,S. Coast  Winter,NA,South Coast,Winter,NA,129,S. Coast  Winter,Winter,NA,50.68531729,-124.7544811,H,NA,FWA Streams_Line_BC
980,South Coast Winter,9935,SOUTHGATE RIVER,South Coast,900404100,S. Coast  Winter,NA,South Coast,Winter,NA,130,S. Coast  Winter,Winter,NA,50.85661207,-124.470572,H,NA,FWA Streams_Line_BC
980,South Coast Winter,9936,TEAQUAHAN RIVER,South Coast,900406500,S. Coast  Winter,NA,South Coast,Winter,NA,131,S. Coast  Winter,Winter,NA,50.95590531,-124.7988499,H,NA,FWA Streams_Line_BC
980,South Coast Winter,9937,HOMATHKO RIVER,South Coast,900406900,S. Coast  Winter,NA,South Coast,Winter,NA,132,S. Coast  Winter,Winter,NA,51.1029114,-125.0117225,H,NA,FWA Streams_Line_BC
980,South Coast Winter,9939,BEAR RIVER,South Coast,900411200,S. Coast  Winter,NA,South Coast,Winter,NA,133,S. Coast  Winter,Winter,NA,56.04581019,-129.9218907,H,NA,FWA Streams_Line_BC
980,South Coast Winter,9941,APPLE RIVER,South Coast,900469600,S. Coast  Winter,NA,South Coast,Winter,NA,135,S. Coast  Winter,Winter,NA,50.76464671,-125.2936017,H,NA,FWA Streams_Line_BC
980,South Coast Winter,9942,STAFFORD RIVER,South Coast,9.00E+08,S. Coast  Winter,NA,South Coast,Winter,NA,136,S. Coast  Winter,Winter,NA,50.79985757,-125.4319268,H,NA,FWA Streams_Line_BC
980,South Coast Winter,9943,HEYDON CREEK,South Coast,900477600,S. Coast  Winter,NA,South Coast,Winter,NA,137,S. Coast  Winter,Winter,NA,50.55658361,-125.6327726,H,NA,FWA Streams_Line_BC
980,South Coast Winter,9944,READ CREEK,South Coast,900501200,S. Coast  Winter,NA,South Coast,Winter,NA,138,S. Coast  Winter,Winter,NA,50.53293,-125.78627,M,NA,ArcGIS world geocoding service
980,South Coast Winter,9945,FULMORE RIVER,South Coast,900521100,S. Coast  Winter,NA,South Coast,Winter,NA,139,S. Coast  Winter,Winter,NA,50.5875915,-126.0269644,H,NA,FWA Streams_Line_BC
980,South Coast Winter,9946,Glendale CREEK,South Coast,900569800,S. Coast  Winter,NA,South Coast,Winter,NA,NA,NA,NA,NA,50.651012,-125.72364,H,NA,NuSEDs
980,South Coast Winter,9947,BLIND CREEK,South Coast,9.01E+08,S. Coast  Winter,NA,South Coast,Winter,NA,141,S. Coast  Winter,Winter,NA,50.683709,-125.6467329,H,NA,FWA Streams_Line_BC
980,South Coast Winter,9948,FRANKLIN RIVER,South Coast,900589500,S. Coast  Winter,NA,South Coast,Winter,NA,142,S. Coast  Winter,Winter,NA,51.09244288,-125.5518459,H,NA,FWA Streams_Line_BC
980,South Coast Winter,9950,KLINAKLINI RIVER,South Coast,900592700,S. Coast  Winter,NA,South Coast,Winter,NA,143,S. Coast  Winter,Winter,NA,51.09932473,-125.6209488,H,NA,FWA Streams_Line_BC
980,South Coast Winter,9951,SIM RIVER,South Coast,900596000,S. Coast  Winter,NA,South Coast,Winter,NA,144,S. Coast  Winter,Winter,NA,51.05549103,-125.6835451,H,NA,FWA Streams_Line_BC
980,South Coast Winter,9952,AHNUHATI RIVER,South Coast,900603000,S. Coast  Winter,NA,South Coast,Winter,NA,145,S. Coast  Winter,Winter,NA,50.94854565,-125.7197355,H,NA,FWA Streams_Line_BC
980,South Coast Winter,9953,AHTA RIVER,South Coast,900640400,S. Coast  Winter,NA,South Coast,Winter,NA,148,S. Coast  Winter,Winter,NA,50.871005,-126.164974,H,KB,NuSEDs
980,South Coast Winter,9954,KINGCOME RIVER,South Coast,900681600,S. Coast  Winter,NA,South Coast,Winter,NA,149,S. Coast  Winter,Winter,NA,51.20884073,-126.2090926,H,NA,FWA Streams_Line_BC
980,South Coast Winter,9955,WAKEMAN RIVER,South Coast,900692800,S. Coast  Winter,NA,South Coast,Winter,NA,151,S. Coast  Winter,Winter,NA,51.10035806,-126.4846552,H,NA,FWA Streams_Line_BC
980,South Coast Winter,9956,MACKENZIE RIVER,South Coast,900712900,S. Coast  Winter,NA,South Coast,Winter,NA,152,S. Coast  Winter,Winter,NA,50.933573,-126.635369,H,KB,NuSEDs
980,South Coast Winter,9957,HAUSKIN CREEK,South Coast,900750300,S. Coast  Winter,NA,South Coast,Winter,NA,153,S. Coast  Winter,Winter,NA,50.966667,-126.816673,L,associated with Hauskin Lake,"Google Search
"
980,South Coast Winter,9958,SEYMOUR RIVER,South Coast,900875400,S. Coast  Winter,NA,South Coast,Winter,W CS,106,S. Coast  Summer,Summer,NA,51.193049,-126.672736,H,KB,NuSEDs
980,South Coast Winter,9960,RAINBOW CREEK,South Coast,900878100,S. Coast  Winter,NA,South Coast,Winter,NA,155,S. Coast  Winter,Winter,NA,51.18626055,-124.0015222,H,Potential issue: mapping in Mid Fraser Summer CU (CU id: 780) -- incorrect categorization or coordinate? ,FWA Streams_Line_BC
980,South Coast Winter,9961,WAUMP CREEK,South Coast,900948000,S. Coast  Winter,NA,South Coast,Winter,NA,156,S. Coast  Winter,Winter,NA,51.23602024,-126.8844997,H,NA,FWA Streams_Line_BC
980,South Coast Winter,9962,PACK LAKE CREEK,South Coast,900975900,S. Coast  Winter,NA,South Coast,Winter,NA,157,S. Coast  Winter,Winter,NA,51.171307,-127.470073,NA,KB; name changed from NA to PACK LAKE CREEK by Katy,NuSEDs/FISS
980,South Coast Winter,9966,CLEAR CREEK,South Coast,9.05E+13,S. Coast  Winter,NA,South Coast,Winter,NA,158,S. Coast  Winter,Winter,NA,50.21635,-125.2196,M,NA,ArcGIS world geocoding service
980,South Coast Winter,9971,VINER CREEK,South Coast,9.06E+13,S. Coast  Winter,NA,South Coast,Winter,NA,160,S. Coast  Winter,Winter,NA,50.78505378,-126.3976544,L,"Associated to Viner South
Alternate Viner Creek (59.63286, -125.66986); ArcGIS world geocoding service","Google Search
"
980,South Coast Winter,9972,GILFORD CREEK,South Coast,9.06E+13,S. Coast  Winter,NA,South Coast,Winter,NA,161,S. Coast  Winter,Winter,NA,50.66632,-126.38634,M,NA,ArcGIS world geocoding service
980,South Coast Winter,10127,BROHM River,South Coast,9.00E+13,S. Coast  Winter,NA,South Coast,Winter,NA,,S. Coast  Winter,Winter,NA,49.806974,-123.120242,H,added stream manually - separate juvenile estimates than cheakamus ,
980,South Coast Winter,10282,CAPILANO RIVER,South Coast,900071100,S. Coast  Winter,NA,South Coast,Winter,W CS,,S. Coast  Winter,Winter,NA,49.42780717,-123.1167008,H,"added manually after revisions to expand winter CUs to include rivers with winter and coastal summer runs - duplicate with corresponding summer cu, but with unique stream id",FWA Streams_Line_BC
980,South Coast Winter,10290,KAKWEIKEN RIVER,South Coast,900632100,S. Coast  Winter,NA,South Coast,Winter,W CS,,S. Coast  Winter,Winter,NA,50.82776298,-125.9900534,H,"added manually after revisions to expand winter CUs to include rivers with winter and coastal summer runs - duplicate with corresponding summer cu, but with unique stream id",FWA Streams_Line_BC
980,South Coast Winter,10292,KWALATE CREEK,South Coast,900608900,S. Coast  Winter,NA,South Coast,Winter,W CS,,S. Coast  Winter,Winter,NA,50.80020763,-125.7017546,H,"added manually after revisions to expand winter CUs to include rivers with winter and coastal summer runs - duplicate with corresponding summer cu, but with unique stream id",FWA Streams_Line_BC
980,South Coast Winter,10296,PHILLIPS RIVER,South Coast,900447800,S. Coast  Winter,NA,South Coast,Winter,W CS,,S. Coast  Winter,Winter,NA,50.61735009,-125.3002264,H,"added manually after revisions to expand winter CUs to include rivers with winter and coastal summer runs - duplicate with corresponding summer cu, but with unique stream id",FWA Streams_Line_BC
980,South Coast Winter,10299,QUATAM RIVER,South Coast,900368900,S. Coast  Winter,NA,South Coast,Winter,W CS,,S. Coast  Winter,Winter,NA,50.39049576,-124.8756027,H,"added manually after revisions to expand winter CUs to include rivers with winter and coastal summer runs - duplicate with corresponding summer cu, but with unique stream id",FWA Streams_Line_BC
981,East Vancouver Island Winter,9973,GOLDSTREAM RIVER,East Vancouver Island,920211900,E. Vancouver Is. Winter,NA,South Coast,Winter,NA,247,E. Vancouver Is. Winter,Winter,NA,48.484574,-123.547893,H,KB,NuSEDs
981,East Vancouver Island Winter,9974,COWICHAN RIVER,East Vancouver Island,920257700,E. Vancouver Is. Winter,NA,South Coast,Winter,NA,248,E. Vancouver Is. Winter,Winter,NA,48.76364357,-123.7931872,H,NA,FWA Streams_Line_BC
981,East Vancouver Island Winter,9975,NANAIMO RIVER,East Vancouver Island,920384400,E. Vancouver Is. Winter,NA,South Coast,Winter,NA,250,E. Vancouver Is. Winter,Winter,NA,49.07176248,-123.9968625,H,NA,FWA Streams_Line_BC
981,East Vancouver Island Winter,9976,CHASE RIVER,East Vancouver Island,920389300,E. Vancouver Is. Winter,NA,South Coast,Winter,NA,251,E. Vancouver Is. Winter,Winter,NA,49.13294,-123.91941,M,NA,ArcGIS world geocoding service
981,East Vancouver Island Winter,9977,MILLSTONE RIVER,East Vancouver Island,9.20E+08,E. Vancouver Is. Winter,NA,South Coast,Winter,NA,252,E. Vancouver Is. Winter,Winter,NA,49.16634,-123.93601,M,NA,ArcGIS world geocoding service
981,East Vancouver Island Winter,9978,ENGLISHMAN RIVER,East Vancouver Island,920462800,E. Vancouver Is. Winter,NA,South Coast,Winter,NA,253,E. Vancouver Is. Winter,Winter,NA,49.32911,-124.295001,H,KB,NuSEDs
981,East Vancouver Island Winter,9979,FRENCH CREEK,East Vancouver Island,920470700,E. Vancouver Is. Winter,NA,South Coast,Winter,NA,254,E. Vancouver Is. Winter,Winter,NA,48.76364357,-123.7931872,H,NA,FWA Streams_Line_BC
981,East Vancouver Island Winter,9980,LITTLE QUALICUM RIVER,East Vancouver Island,920481800,E. Vancouver Is. Winter,NA,South Coast,Winter,NA,255,E. Vancouver Is. Winter,Winter,NA,49.358144,-124.484756,H,CA,FWA Streams_Line_BC
981,East Vancouver Island Winter,9981,QUALICUM RIVER,East Vancouver Island,920490700,E. Vancouver Is. Winter,NA,South Coast,Winter,NA,256,E. Vancouver Is. Winter,Winter,NA,49.07176248,-123.9968625,H,NA,FWA Streams_Line_BC
981,East Vancouver Island Winter,9982,TSABLE RIVER,East Vancouver Island,920527600,E. Vancouver Is. Winter,NA,South Coast,Winter,NA,257,E. Vancouver Is. Winter,Winter,NA,49.51609827,-124.8445358,H,NA,FWA Streams_Line_BC
981,East Vancouver Island Winter,9983,TRENT RIVER,East Vancouver Island,920545800,E. Vancouver Is. Winter,NA,South Coast,Winter,NA,258,E. Vancouver Is. Winter,Winter,NA,49.64964,-124.93612,M,NA,ArcGIS world geocoding service
981,East Vancouver Island Winter,9985,BLACK CREEK,East Vancouver Island,920595100,E. Vancouver Is. Winter,NA,South Coast,Winter,NA,261,E. Vancouver Is. Winter,Winter,NA,49.851703,-125.100031,H,KB,NuSEDs
981,East Vancouver Island Winter,9986,OYSTER RIVER,East Vancouver Island,920600400,E. Vancouver Is. Winter,NA,South Coast,Winter,NA,262,E. Vancouver Is. Winter,Winter,NA,49.88270115,-125.1924669,H,NA,FWA Streams_Line_BC
981,East Vancouver Island Winter,9988,CAMPBELL RIVER,East Vancouver Island,9.21E+08,E. Vancouver Is. Winter,NA,South Coast,Winter,NA,263,E. Vancouver Is. Winter,Winter,NA,50.03478097,-125.2745432,H,NA,FWA Streams_Line_BC
981,East Vancouver Island Winter,9989,MOHUN CREEK,East Vancouver Island,920643100,E. Vancouver Is. Winter,NA,South Coast,Winter,NA,264,E. Vancouver Is. Winter,Winter,NA,50.112472,-125.374517,H,KB,NuSEDs
981,East Vancouver Island Winter,9990,AMOR DE COSMOS CREEK,East Vancouver Island,920700700,E. Vancouver Is. Winter,NA,South Coast,Winter,NA,265,E. Vancouver Is. Winter,Winter,NA,50.09964,-125.3696,M,NA,ArcGIS world geocoding service
981,East Vancouver Island Winter,9992,SALMON RIVER,East Vancouver Island,920725300,E. Vancouver Is. Winter,NA,South Coast,Winter,NA,266,E. Vancouver Is. Winter,Winter,NA,50.37806,-125.9445,H,KB,NuSEDs
981,East Vancouver Island Winter,9993,NIMPKISH RIVER,East Vancouver Island,9.21E+08,E. Vancouver Is. Winter,NA,South Coast,Winter,NA,271,E. Vancouver Is. Winter,Winter,NA,50.21990042,-126.6213734,H,NA,FWA Streams_Line_BC
981,East Vancouver Island Winter,9994,CLUXEWE RIVER,East Vancouver Island,920851500,E. Vancouver Is. Winter,NA,South Coast,Winter,NA,274,E. Vancouver Is. Winter,Winter,NA,50.58338417,-127.1502756,H,NA,FWA Streams_Line_BC
981,East Vancouver Island Winter,9995,KEOGH RIVER,East Vancouver Island,920866900,E. Vancouver Is. Winter,NA,South Coast,Winter,NA,275,E. Vancouver Is. Winter,Winter,NA,50.67593152,-127.3500607,H,NA,FWA Streams_Line_BC
981,East Vancouver Island Winter,9996,QUATSE RIVER,East Vancouver Island,920896200,E. Vancouver Is. Winter,NA,South Coast,Winter,NA,276,E. Vancouver Is. Winter,Winter,NA,50.6909002,-127.4842123,H,NA,FWA Streams_Line_BC
981,East Vancouver Island Winter,9997,SHUSHARTIE RIVER,East Vancouver Island,920940400,E. Vancouver Is. Winter,NA,South Coast,Winter,NA,277,E. Vancouver Is. Winter,Winter,NA,50.82258413,-127.8421491,H,NA,FWA Streams_Line_BC
981,East Vancouver Island Winter,9998,NAHWITTI RIVER,East Vancouver Island,9.21E+08,E. Vancouver Is. Winter,NA,South Coast,Winter,NA,278,E. Vancouver Is. Winter,Winter,NA,50.83207152,-127.9657266,H,NA,FWA Streams_Line_BC
981,East Vancouver Island Winter,9999,STRANBY RIVER,East Vancouver Island,920969500,E. Vancouver Is. Winter,NA,South Coast,Winter,NA,279,E. Vancouver Is. Winter,Winter,NA,50.83711,-128.15047,M,NA,ArcGIS world geocoding service
981,East Vancouver Island Winter,10284,CHEMAINUS RIVER,,920303500,E. Vancouver Is. Winter,NA,South Coast,Winter,W CS,,E. Vancouver Is. Winter,Winter,NA,48.85605561,-123.9700265,H,"added manually after revisions to expand winter CUs to include rivers with winter and coastal summer runs - duplicate with corresponding summer cu, but with unique stream id",FWA Streams_Line_BC
981,East Vancouver Island Winter,10275,ADAM RIVER,,920758000,E. Vancouver Is. Winter,NA,South Coast,Winter,W CS,,E. Vancouver Is. Winter,Winter,NA,50.38151672,-126.161264,H,"added manually after revisions to expand winter CUs to include rivers with winter and coastal summer runs - duplicate with corresponding summer cu, but with unique stream id",FWA Streams_Line_BC
982,West Vancouver Island Winter,10000,SOOKE RIVER,West Vancouver Island,930022100,W. Vancouver Is. Winter,NA,South Coast,Winter,NA,280,W. Vancouver Is. Winter,Winter,NA,48.43808961,-123.7187532,H,NA,FWA Streams_Line_BC
982,West Vancouver Island Winter,10001,TUGWELL CREEK,West Vancouver Island,930029800,W. Vancouver Is. Winter,NA,South Coast,Winter,NA,281,W. Vancouver Is. Winter,Winter,NA,48.37537,-123.851123,H,KB,NuSEDs
982,West Vancouver Island Winter,10002,MUIR CREEK,West Vancouver Island,930030300,W. Vancouver Is. Winter,NA,South Coast,Winter,NA,282,W. Vancouver Is. Winter,Winter,NA,48.38586692,-123.8636185,H,NA,FWA Streams_Line_BC
982,West Vancouver Island Winter,10003,KIRBY CREEK,West Vancouver Island,930031100,W. Vancouver Is. Winter,NA,South Coast,Winter,NA,283,W. Vancouver Is. Winter,Winter,NA,48.382342,-123.896706,H,KB,NuSEDs
982,West Vancouver Island Winter,10004,SAN JUAN RIVER,West Vancouver Island,930053800,W. Vancouver Is. Winter,NA,South Coast,Winter,NA,284,W. Vancouver Is. Winter,Winter,NA,48.58353321,-124.2666795,H,NA,FWA Streams_Line_BC
982,West Vancouver Island Winter,10005,WALBRAN CREEK,West Vancouver Island,930063200,W. Vancouver Is. Winter,NA,South Coast,Winter,NA,287,W. Vancouver Is. Winter,Winter,NA,48.58121649,-124.6545481,H,NA,FWA Streams_Line_BC
982,West Vancouver Island Winter,10006,CARMANAH CREEK,West Vancouver Island,930065800,W. Vancouver Is. Winter,NA,South Coast,Winter,NA,288,W. Vancouver Is. Winter,Winter,NA,48.65373232,-124.6934865,H,NA,FWA Streams_Line_BC
982,West Vancouver Island Winter,10007,NITINAT RIVER,West Vancouver Island,930071700,W. Vancouver Is. Winter,NA,South Coast,Winter,NA,290,W. Vancouver Is. Winter,Winter,NA,48.87988967,-124.6046856,H,NA,FWA Streams_Line_BC
982,West Vancouver Island Winter,10008,PACHENA RIVER,West Vancouver Island,930085500,W. Vancouver Is. Winter,NA,South Coast,Winter,NA,292,W. Vancouver Is. Winter,Winter,NA,48.80132462,-125.1220792,H,NA,FWA Streams_Line_BC
982,West Vancouver Island Winter,10009,SARITA RIVER,West Vancouver Island,930110800,W. Vancouver Is. Winter,NA,South Coast,Winter,NA,293,W. Vancouver Is. Winter,Winter,NA,48.88858351,-124.9893517,H,NA,FWA Streams_Line_BC
982,West Vancouver Island Winter,10010,COLEMAN CREEK,West Vancouver Island,930124200,W. Vancouver Is. Winter,NA,South Coast,Winter,NA,295,W. Vancouver Is. Winter,Winter,NA,49.00438392,-124.8576216,H,NA,FWA Streams_Line_BC
982,West Vancouver Island Winter,10012,FRANKLIN RIVER,West Vancouver Island,930129400,W. Vancouver Is. Winter,NA,South Coast,Winter,NA,296,W. Vancouver Is. Winter,Winter,NA,51.09244288,-125.5518459,H,NA,FWA Streams_Line_BC
982,West Vancouver Island Winter,10013,ASH RIVER,West Vancouver Island,9.30E+18,W. Vancouver Is. Winter,NA,South Coast,Winter,NA,300,W. Vancouver Is. Winter,Winter,NA,49.38416441,-125.0027644,H,NA,FWA Streams_Line_BC
982,West Vancouver Island Winter,10014,ANDERSON RIVER,West Vancouver Island,930162500,W. Vancouver Is. Winter,NA,South Coast,Winter,NA,304,W. Vancouver Is. Winter,Winter,NA,49.84159018,-121.433914,H,NA,FWA Streams_Line_BC
982,West Vancouver Island Winter,10015,EFFINGHAM RIVER,West Vancouver Island,930196400,W. Vancouver Is. Winter,NA,South Coast,Winter,NA,305,W. Vancouver Is. Winter,Winter,NA,49.10158925,-125.2166481,H,NA,FWA Streams_Line_BC
982,West Vancouver Island Winter,10016,MAGGIE RIVER,West Vancouver Island,930233800,W. Vancouver Is. Winter,NA,South Coast,Winter,NA,307,W. Vancouver Is. Winter,Winter,NA,48.99025426,-125.3968234,H,NA,FWA Streams_Line_BC
982,West Vancouver Island Winter,10017,LOST SHOE CREEK,West Vancouver Island,9.30E+08,W. Vancouver Is. Winter,NA,South Coast,Winter,NA,308,W. Vancouver Is. Winter,Winter,NA,48.99961,-125.63615,M,NA,ArcGIS world geocoding service
982,West Vancouver Island Winter,10018,KENNEDY RIVER,West Vancouver Island,930306400,W. Vancouver Is. Winter,NA,South Coast,Winter,NA,309,W. Vancouver Is. Winter,Winter,NA,49.11092414,-125.6525461,H,NA,FWA Streams_Line_BC
982,West Vancouver Island Winter,10019,CLAYOQUOT RIVER,West Vancouver Island,9.30E+13,W. Vancouver Is. Winter,NA,South Coast,Winter,NA,310,W. Vancouver Is. Winter,Winter,NA,49.18375813,-125.5366764,H,NA,FWA Streams_Line_BC
982,West Vancouver Island Winter,10020,TRANQUIL CREEK,West Vancouver Island,930324500,W. Vancouver Is. Winter,NA,South Coast,Winter,NA,311,W. Vancouver Is. Winter,Winter,NA,49.22133099,-125.6646965,H,NA,FWA Streams_Line_BC
982,West Vancouver Island Winter,10021,BEDWELL RIVER,West Vancouver Island,930355300,W. Vancouver Is. Winter,NA,South Coast,Winter,NA,312,W. Vancouver Is. Winter,Winter,NA,49.43740585,-125.6834244,H,NA,FWA Streams_Line_BC
982,West Vancouver Island Winter,10022,CYPRE RIVER,West Vancouver Island,930368500,W. Vancouver Is. Winter,NA,South Coast,Winter,NA,313,W. Vancouver Is. Winter,Winter,NA,49.29926538,-125.9169893,H,NA,FWA Streams_Line_BC
982,West Vancouver Island Winter,10023,MOYEHA RIVER,West Vancouver Island,930391800,W. Vancouver Is. Winter,NA,South Coast,Winter,NA,314,W. Vancouver Is. Winter,Winter,NA,49.46267438,-125.8523619,H,NA,FWA Streams_Line_BC
982,West Vancouver Island Winter,10024,MEGIN RIVER,West Vancouver Island,930413500,W. Vancouver Is. Winter,NA,South Coast,Winter,NA,315,W. Vancouver Is. Winter,Winter,NA,49.47155013,-126.1113421,H,NA,FWA Streams_Line_BC
982,West Vancouver Island Winter,10025,SYDNEY RIVER,West Vancouver Island,930433800,W. Vancouver Is. Winter,NA,South Coast,Winter,NA,316,W. Vancouver Is. Winter,Winter,NA,49.51628,-126.30293,M,NA,ArcGIS world geocoding service
982,West Vancouver Island Winter,10026,HESQUIAT LAKE CREEK,West Vancouver Island,930461400,W. Vancouver Is. Winter,NA,South Coast,Winter,NA,317,W. Vancouver Is. Winter,Winter,NA,49.49958,-126.40294,M,NA,ArcGIS world geocoding service
982,West Vancouver Island Winter,10027,ESCALANTE RIVER,West Vancouver Island,930480800,W. Vancouver Is. Winter,NA,South Coast,Winter,NA,318,W. Vancouver Is. Winter,Winter,NA,49.53657819,-126.546159,H,NA,FWA Streams_Line_BC
982,West Vancouver Island Winter,10028,JACKLAH RIVER,West Vancouver Island,930502700,W. Vancouver Is. Winter,NA,South Coast,Winter,NA,319,W. Vancouver Is. Winter,Winter,NA,49.60906166,-126.1449787,H,NA,FWA Streams_Line_BC
982,West Vancouver Island Winter,10029,MCCURDY CREEK,West Vancouver Island,930514500,W. Vancouver Is. Winter,NA,South Coast,Winter,NA,323,W. Vancouver Is. Winter,Winter,NA,49.69774285,-126.2066164,H,NA,FWA Streams_Line_BC
982,West Vancouver Island Winter,10030,KLEEPTEE CREEK,West Vancouver Island,930521000,W. Vancouver Is. Winter,NA,South Coast,Winter,NA,324,W. Vancouver Is. Winter,Winter,NA,49.66409523,-126.3633792,H,NA,FWA Streams_Line_BC
982,West Vancouver Island Winter,10031,TLUPANA RIVER,West Vancouver Island,930534200,W. Vancouver Is. Winter,NA,South Coast,Winter,NA,325,W. Vancouver Is. Winter,Winter,NA,49.77341757,-126.3502126,H,NA,FWA Streams_Line_BC
982,West Vancouver Island Winter,10032,CONUMA RIVER,West Vancouver Island,930538500,W. Vancouver Is. Winter,NA,South Coast,Winter,NA,326,W. Vancouver Is. Winter,Winter,NA,49.85131804,-126.3721245,H,NA,FWA Streams_Line_BC
982,West Vancouver Island Winter,10033,SUCWOA RIVER,West Vancouver Island,930540600,W. Vancouver Is. Winter,NA,South Coast,Winter,NA,327,W. Vancouver Is. Winter,Winter,NA,49.81124166,-126.5096234,H,NA,FWA Streams_Line_BC
982,West Vancouver Island Winter,10034,TSOWWIN RIVER,West Vancouver Island,930561300,W. Vancouver Is. Winter,NA,South Coast,Winter,NA,328,W. Vancouver Is. Winter,Winter,NA,49.78046184,-126.6179285,H,NA,FWA Streams_Line_BC
982,West Vancouver Island Winter,10035,TAHSIS RIVER,West Vancouver Island,9.31E+08,W. Vancouver Is. Winter,NA,South Coast,Winter,NA,330,W. Vancouver Is. Winter,Winter,NA,49.98326158,-126.6400241,H,NA,FWA Streams_Line_BC
982,West Vancouver Island Winter,10036,LITTLE ZEBALLOS RIVER,West Vancouver Island,930579900,W. Vancouver Is. Winter,NA,South Coast,Winter,NA,331,W. Vancouver Is. Winter,Winter,NA,49.96899564,-126.8049628,H,NA,FWA Streams_Line_BC
982,West Vancouver Island Winter,10037,TATCHU CREEK,West Vancouver Island,930635400,W. Vancouver Is. Winter,NA,South Coast,Winter,NA,333,W. Vancouver Is. Winter,Winter,NA,49.88289,-127.16976,M,NA,ArcGIS world geocoding service
982,West Vancouver Island Winter,10038,KAOUK RIVER,West Vancouver Island,9.31E+08,W. Vancouver Is. Winter,NA,South Coast,Winter,NA,334,W. Vancouver Is. Winter,Winter,NA,50.06588079,-127.0428918,H,NA,FWA Streams_Line_BC
982,West Vancouver Island Winter,10039,KAUWINCH RIVER,West Vancouver Island,9.31E+08,W. Vancouver Is. Winter,NA,South Coast,Winter,NA,337,W. Vancouver Is. Winter,Winter,NA,50.20128759,-127.2708877,H,NA,FWA Streams_Line_BC
982,West Vancouver Island Winter,10040,MALKSOPE RIVER,West Vancouver Island,9.31E+08,W. Vancouver Is. Winter,NA,South Coast,Winter,NA,338,W. Vancouver Is. Winter,Winter,NA,50.14141256,-127.4146669,H,NA,FWA Streams_Line_BC
982,West Vancouver Island Winter,10041,OUOUKINSH RIVER,West Vancouver Island,9.31E+08,W. Vancouver Is. Winter,NA,South Coast,Winter,NA,339,W. Vancouver Is. Winter,Winter,NA,50.18994475,-127.4185711,H,NA,FWA Streams_Line_BC
982,West Vancouver Island Winter,10042,BATTLE BAY RIVER,West Vancouver Island,930739000,W. Vancouver Is. Winter,NA,South Coast,Winter,NA,341,W. Vancouver Is. Winter,Winter,NA,50.11628,-127.58641,M,NA,ArcGIS world geocoding service
982,West Vancouver Island Winter,10043,EAST CREEK,West Vancouver Island,9.31E+08,W. Vancouver Is. Winter,NA,South Coast,Winter,NA,343,W. Vancouver Is. Winter,Winter,NA,50.24467155,-127.7028998,H,NA,FWA Streams_Line_BC
982,West Vancouver Island Winter,10044,KLASKISH RIVER,West Vancouver Island,9.31E+08,W. Vancouver Is. Winter,NA,South Coast,Winter,NA,344,W. Vancouver Is. Winter,Winter,NA,50.26703221,-127.7154008,H,NA,FWA Streams_Line_BC
982,West Vancouver Island Winter,10045,KEITH RIVER,West Vancouver Island,9.31E+08,W. Vancouver Is. Winter,NA,South Coast,Winter,NA,345,W. Vancouver Is. Winter,Winter,NA,50.33850877,-127.8648531,H,NA,FWA Streams_Line_BC
982,West Vancouver Island Winter,10046,KEWQUODIE CREEK,West Vancouver Island,930830300,W. Vancouver Is. Winter,NA,South Coast,Winter,NA,347,W. Vancouver Is. Winter,Winter,NA,50.40747452,-127.6784693,H,NA,FWA Streams_Line_BC
982,West Vancouver Island Winter,10047,KLOOTCHLIMMIS CREEK,West Vancouver Island,9.31E+08,W. Vancouver Is. Winter,NA,South Coast,Winter,NA,348,W. Vancouver Is. Winter,Winter,NA,50.44092259,-127.6581391,H,NA,FWA Streams_Line_BC
982,West Vancouver Island Winter,10048,CAYUSE CREEK,West Vancouver Island,930844100,W. Vancouver Is. Winter,NA,South Coast,Winter,NA,349,W. Vancouver Is. Winter,Winter,NA,50.38289,-127.46983,M,NA,ArcGIS world geocoding service
982,West Vancouver Island Winter,10049,CAYEGHLE CREEK,West Vancouver Island,930847100,W. Vancouver Is. Winter,NA,South Coast,Winter,NA,350,W. Vancouver Is. Winter,Winter,NA,50.33242803,-127.4346477,H,NA,FWA Streams_Line_BC
982,West Vancouver Island Winter,10050,WAUKWAAS CREEK,West Vancouver Island,930871100,W. Vancouver Is. Winter,NA,South Coast,Winter,NA,352,W. Vancouver Is. Winter,Winter,NA,50.58111757,-127.3895989,H,NA,FWA Streams_Line_BC
982,West Vancouver Island Winter,10051,WANOKANA CREEK,West Vancouver Island,930884200,W. Vancouver Is. Winter,NA,South Coast,Winter,NA,353,W. Vancouver Is. Winter,Winter,NA,50.60909211,-127.7145083,H,NA,FWA Streams_Line_BC
982,West Vancouver Island Winter,10052,GOODSPEED RIVER,West Vancouver Island,930894800,W. Vancouver Is. Winter,NA,South Coast,Winter,NA,354,W. Vancouver Is. Winter,Winter,NA,50.6644914,-128.0555232,H,NA,FWA Streams_Line_BC
982,West Vancouver Island Winter,10053,KOPRINO RIVER,West Vancouver Island,930925900,W. Vancouver Is. Winter,NA,South Coast,Winter,NA,355,W. Vancouver Is. Winter,Winter,NA,50.51247735,-127.8474659,H,NA,FWA Streams_Line_BC
982,West Vancouver Island Winter,10054,MACJACK RIVER,West Vancouver Island,930970700,W. Vancouver Is. Winter,NA,South Coast,Winter,NA,356,W. Vancouver Is. Winter,Winter,NA,50.58622936,-128.2102028,H,NA,FWA Streams_Line_BC
982,West Vancouver Island Winter,10055,SAN JOSEF RIVER,West Vancouver Island,930979400,W. Vancouver Is. Winter,NA,South Coast,Winter,NA,357,W. Vancouver Is. Winter,Winter,NA,50.67768397,-128.2306219,H,NA,FWA Streams_Line_BC
982,West Vancouver Island Winter,10056,FISHERMAN RIVER,West Vancouver Island,930992000,W. Vancouver Is. Winter,NA,South Coast,Winter,NA,358,W. Vancouver Is. Winter,Winter,NA,50.71974415,-128.1882912,H,NA,FWA Streams_Line_BC
982,West Vancouver Island Winter,10274,GOLD RIVER,West Vancouver Island,930511600,W. Vancouver Is. Winter,NA,South Coast,Winter,W CS,,W. Vancouver Is. Winter,Winter,NA,49.75192114,-126.052363,H,"added manually after revisions to expand winter CUs to include rivers with winter and coastal summer runs - duplicate with corresponding summer cu, but with unique stream id",FWA Streams_Line_BC
982,West Vancouver Island Winter,10276,ARTLISH RIVER,West Vancouver Island,9.31E+08,W. Vancouver Is. Winter,NA,South Coast,Winter,W CS,,W. Vancouver Is. Winter,Winter,NA,50.11885701,-127.0355486,H,"added manually after revisions to expand winter CUs to include rivers with winter and coastal summer runs - duplicate with corresponding summer cu, but with unique stream id",FWA Streams_Line_BC
982,West Vancouver Island Winter,10280,BURMAN RIVER,West Vancouver Island,930507400,W. Vancouver Is. Winter,NA,South Coast,Winter,W CS,,W. Vancouver Is. Winter,Winter,NA,49.6042911,-126.0110006,H,"added manually after revisions to expand winter CUs to include rivers with winter and coastal summer runs - duplicate with corresponding summer cu, but with unique stream id",FWA Streams_Line_BC
982,West Vancouver Island Winter,10283,CHEEWHAT RIVER,West Vancouver Island,930070100,W. Vancouver Is. Winter,NA,South Coast,Winter,W CS,,W. Vancouver Is. Winter,Winter,NA,48.6720303,-124.777386,H,"added manually after revisions to expand winter CUs to include rivers with winter and coastal summer runs - duplicate with corresponding summer cu, but with unique stream id",FWA Streams_Line_BC
982,West Vancouver Island Winter,10285,CHINA CREEK,West Vancouver Island,930132300,W. Vancouver Is. Winter,NA,South Coast,Winter,W CS,,W. Vancouver Is. Winter,Winter,NA,49.14962,-124.8028,M,"added manually after revisions to expand winter CUs to include rivers with winter and coastal summer runs - duplicate with corresponding summer cu, but with unique stream id",ArcGIS world geocoding service
982,West Vancouver Island Winter,10287,COUS CREEK,West Vancouver Island,930143000,W. Vancouver Is. Winter,NA,South Coast,Winter,W CS,,W. Vancouver Is. Winter,Winter,NA,49.18491508,-124.8315764,H,"added manually after revisions to expand winter CUs to include rivers with winter and coastal summer runs - duplicate with corresponding summer cu, but with unique stream id",FWA Streams_Line_BC
982,West Vancouver Island Winter,10289,GORDON RIVER,West Vancouver Island,930054700,W. Vancouver Is. Winter,NA,South Coast,Winter,W CS,,W. Vancouver Is. Winter,Winter,NA,48.59632264,-124.4318171,H,"added manually after revisions to expand winter CUs to include rivers with winter and coastal summer runs - duplicate with corresponding summer cu, but with unique stream id",FWA Streams_Line_BC
982,West Vancouver Island Winter,10291,KLANAWA RIVER,West Vancouver Island,930075500,W. Vancouver Is. Winter,NA,South Coast,Winter,W CS,,W. Vancouver Is. Winter,Winter,NA,48.76654048,-124.9082314,H,"added manually after revisions to expand winter CUs to include rivers with winter and coastal summer runs - duplicate with corresponding summer cu, but with unique stream id",FWA Streams_Line_BC
982,West Vancouver Island Winter,10293,LEINER RIVER,West Vancouver Island,930567600,W. Vancouver Is. Winter,NA,South Coast,Winter,W CS,,W. Vancouver Is. Winter,Winter,NA,49.91353851,-126.6312186,H,"added manually after revisions to expand winter CUs to include rivers with winter and coastal summer runs - duplicate with corresponding summer cu, but with unique stream id",FWA Streams_Line_BC
982,West Vancouver Island Winter,10294,MACKTUSH CREEK,West Vancouver Island,930147000,W. Vancouver Is. Winter,NA,South Coast,Winter,W CS,,W. Vancouver Is. Winter,Winter,NA,49.11097955,-124.8291361,H,"added manually after revisions to expand winter CUs to include rivers with winter and coastal summer runs - duplicate with corresponding summer cu, but with unique stream id",FWA Streams_Line_BC
982,West Vancouver Island Winter,10295,NASPARTI RIVER,West Vancouver Island,930747000,W. Vancouver Is. Winter,NA,South Coast,Winter,W CS,,W. Vancouver Is. Winter,Winter,NA,50.13289,-127.66982,M,"added manually after revisions to expand winter CUs to include rivers with winter and coastal summer runs - duplicate with corresponding summer cu, but with unique stream id",ArcGIS world geocoding service
982,West Vancouver Island Winter,10297,POWER RIVER,West Vancouver Island,9.31E+08,W. Vancouver Is. Winter,NA,South Coast,Winter,W CS,,W. Vancouver Is. Winter,Winter,NA,50.21663728,-127.4831097,H,"added manually after revisions to expand winter CUs to include rivers with winter and coastal summer runs - duplicate with corresponding summer cu, but with unique stream id",FWA Streams_Line_BC
981,East Vancouver Island Winter,10298,PUNTLEDGE RIVER,,9.21E+13,E. Vancouver Is. Winter,NA,South Coast,Winter,W CS,,E. Vancouver Is. Winter,Winter,NA,49.69964,-125.00284,M,"added manually after revisions to expand winter CUs to include rivers with winter and coastal summer runs - duplicate with corresponding summer cu, but with unique stream id",ArcGIS world geocoding service
982,West Vancouver Island Winter,10301,SOMASS RIVER,West Vancouver Island,930137400,W. Vancouver Is. Winter,NA,South Coast,Winter,W CS,,W. Vancouver Is. Winter,Winter,NA,49.26077391,-124.8303063,H,"added manually after revisions to expand winter CUs to include rivers with winter and coastal summer runs - duplicate with corresponding summer cu, but with unique stream id",FWA Streams_Line_BC
982,West Vancouver Island Winter,10302,TOQUART RIVER,West Vancouver Island,930230500,W. Vancouver Is. Winter,NA,South Coast,Winter,W CS,,W. Vancouver Is. Winter,Winter,NA,49.03648264,-125.3584989,H,"added manually after revisions to expand winter CUs to include rivers with winter and coastal summer runs - duplicate with corresponding summer cu, but with unique stream id",FWA Streams_Line_BC
982,West Vancouver Island Winter,10303,ZEBALLOS RIVER,West Vancouver Island,9.31E+08,W. Vancouver Is. Winter,NA,South Coast,Winter,W CS,,W. Vancouver Is. Winter,Winter,NA,50.03920603,-126.8047998,H,"added manually after revisions to expand winter CUs to include rivers with winter and coastal summer runs - duplicate with corresponding summer cu, but with unique stream id",FWA Streams_Line_BC
983,South Coast Summer,10057,SEYMOUR RIVER,South Coast,900066100,S. Coast  Summer,NA,South Coast,Summer,W CS,106,S. Coast  Summer,Summer,NA,49.303042,-123.025067,H,KB,NuSEDs
983,South Coast Summer,10059,CAPILANO RIVER,South Coast,900071100,S. Coast  Summer,NA,South Coast,Summer,W CS,108,S. Coast  Summer,Summer,NA,49.42780717,-123.1167008,H,NA,FWA Streams_Line_BC
983,South Coast Summer,10060,BREM RIVER,South Coast,900357900,S. Coast  Summer,NA,South Coast,Summer,CS,127,S. Coast  Summer,Summer,NA,50.45314391,-124.6811624,H,NA,FWA Streams_Line_BC
983,South Coast Summer,10061,QUATAM RIVER,South Coast,900368900,S. Coast  Summer,NA,South Coast,Summer,W CS,128,S. Coast  Summer,Summer,NA,50.39049576,-124.8756027,H,NA,FWA Streams_Line_BC
983,South Coast Summer,10062,PHILLIPS RIVER,South Coast,900447800,S. Coast  Summer,NA,South Coast,Summer,W CS,134,S. Coast  Summer,Summer,NA,50.61735009,-125.3002264,H,NA,FWA Streams_Line_BC
983,South Coast Summer,10063,KWALATE CREEK,South Coast,900608900,S. Coast  Summer,NA,South Coast,Summer,W CS,146,S. Coast  Summer,Summer,NA,50.80020763,-125.7017546,H,NA,FWA Streams_Line_BC
983,South Coast Summer,10064,KAKWEIKEN RIVER,South Coast,900632100,S. Coast  Summer,NA,South Coast,Summer,W CS,147,S. Coast  Summer,Summer,NA,50.82776298,-125.9900534,H,NA,FWA Streams_Line_BC
983,South Coast Summer,10065,ATLATZI RIVER,South Coast,9.01E+13,S. Coast  Summer,NA,South Coast,Summer,CS,150,S. Coast  Summer,Summer,NA,51.04442674,-126.1042678,H,NA,FWA Streams_Line_BC
984,West Vancouver Island Summer,10066,HARRIS CREEK,West Vancouver Island,9.30E+13,W. Vancouver Is. Summer,NA,South Coast,Summer,CS,285,W. Vancouver Is. Summer,Summer,NA,48.60677493,-124.2487827,H,NA,FWA Streams_Line_BC
984,West Vancouver Island Summer,10067,GORDON RIVER,West Vancouver Island,930054700,W. Vancouver Is. Summer,NA,South Coast,Summer,W CS,286,W. Vancouver Is. Summer,Summer,NA,48.59632264,-124.4318171,H,NA,FWA Streams_Line_BC
984,West Vancouver Island Summer,10068,CHEEWHAT RIVER,West Vancouver Island,930070100,W. Vancouver Is. Summer,NA,South Coast,Summer,W CS,289,W. Vancouver Is. Summer,Summer,NA,48.6720303,-124.777386,H,NA,FWA Streams_Line_BC
984,West Vancouver Island Summer,10069,KLANAWA RIVER,West Vancouver Island,930075500,W. Vancouver Is. Summer,NA,South Coast,Summer,W CS,291,W. Vancouver Is. Summer,Summer,NA,48.76654048,-124.9082314,H,NA,FWA Streams_Line_BC
984,West Vancouver Island Summer,10070,SOUTH SARITA RIVER,West Vancouver Island,9.30E+13,W. Vancouver Is. Summer,NA,South Coast,Summer,CS,294,W. Vancouver Is. Summer,Summer,NA,48.896749,-124.952411,M,CA,ArcGIS world geocoding service
984,West Vancouver Island Summer,10071,CHINA CREEK,West Vancouver Island,930132300,W. Vancouver Is. Summer,NA,South Coast,Summer,W CS,297,W. Vancouver Is. Summer,Summer,NA,49.14962,-124.8028,M,NA,ArcGIS world geocoding service
984,West Vancouver Island Summer,10072,SOMASS RIVER,West Vancouver Island,930137400,W. Vancouver Is. Summer,NA,South Coast,Summer,W CS,298,W. Vancouver Is. Summer,Summer,NA,49.26077391,-124.8303063,H,NA,FWA Streams_Line_BC
984,West Vancouver Island Summer,10074,TAYLOR RIVER,West Vancouver Island,9.30E+18,W. Vancouver Is. Summer,NA,South Coast,Summer,CS,299,W. Vancouver Is. Summer,Summer,NA,56.51691064,-128.9082101,H,NA,FWA Streams_Line_BC
984,West Vancouver Island Summer,10075,COUS CREEK,West Vancouver Island,930143000,W. Vancouver Is. Summer,NA,South Coast,Summer,W CS,301,W. Vancouver Is. Summer,Summer,NA,49.18491508,-124.8315764,H,NA,FWA Streams_Line_BC
984,West Vancouver Island Summer,10076,MACKTUSH CREEK,West Vancouver Island,930147000,W. Vancouver Is. Summer,NA,South Coast,Summer,W CS,302,W. Vancouver Is. Summer,Summer,NA,49.11097955,-124.8291361,H,NA,FWA Streams_Line_BC
984,West Vancouver Island Summer,10077,NAHMINT RIVER,West Vancouver Island,930150800,W. Vancouver Is. Summer,NA,South Coast,Summer,CS,303,W. Vancouver Is. Summer,Summer,NA,49.08431546,-124.9382961,H,NA,FWA Streams_Line_BC
984,West Vancouver Island Summer,10078,TOQUART RIVER,West Vancouver Island,930230500,W. Vancouver Is. Summer,NA,South Coast,Summer,W CS,306,W. Vancouver Is. Summer,Summer,NA,49.03648264,-125.3584989,H,NA,FWA Streams_Line_BC
984,West Vancouver Island Summer,10079,BURMAN RIVER,West Vancouver Island,930507400,W. Vancouver Is. Summer,NA,South Coast,Summer,W CS,320,W. Vancouver Is. Summer,Summer,NA,49.6042911,-126.0110006,H,NA,FWA Streams_Line_BC
984,West Vancouver Island Summer,10080,GOLD RIVER,West Vancouver Island,930511600,W. Vancouver Is. Summer,NA,South Coast,Summer,W CS,321,W. Vancouver Is. Summer,Summer,NA,49.75192114,-126.052363,H,NA,FWA Streams_Line_BC
984,West Vancouver Island Summer,10081,HEBER RIVER,West Vancouver Island,9.31E+13,W. Vancouver Is. Summer,NA,South Coast,Summer,CS,322,W. Vancouver Is. Summer,Summer,NA,49.78969699,-126.0284032,H,NA,FWA Streams_Line_BC
984,West Vancouver Island Summer,10082,LEINER RIVER,West Vancouver Island,930567600,W. Vancouver Is. Summer,NA,South Coast,Summer,W CS,329,W. Vancouver Is. Summer,Summer,NA,49.91353851,-126.6312186,H,NA,FWA Streams_Line_BC
984,West Vancouver Island Summer,10083,ZEBALLOS RIVER,West Vancouver Island,9.31E+08,W. Vancouver Is. Summer,NA,South Coast,Summer,W CS,332,W. Vancouver Is. Summer,Summer,NA,50.03920603,-126.8047998,H,NA,FWA Streams_Line_BC
984,West Vancouver Island Summer,10084,ARTLISH RIVER,West Vancouver Island,9.31E+08,W. Vancouver Is. Summer,NA,South Coast,Summer,W CS,335,W. Vancouver Is. Summer,Summer,NA,50.11885701,-127.0355486,H,NA,FWA Streams_Line_BC
984,West Vancouver Island Summer,10085,TAHSIS RIVER,West Vancouver Island,9.31E+08,W. Vancouver Is. Summer,NA,South Coast,Summer,W CS,336,W. Vancouver Is. Summer,Summer,NA,50.14212576,-127.109956,H,NA,FWA Streams_Line_BC
984,West Vancouver Island Summer,10086,POWER RIVER,West Vancouver Island,9.31E+08,W. Vancouver Is. Summer,NA,South Coast,Summer,W CS,340,W. Vancouver Is. Summer,Summer,NA,50.21663728,-127.4831097,H,NA,FWA Streams_Line_BC
984,West Vancouver Island Summer,10087,NASPARTI RIVER,West Vancouver Island,930747000,W. Vancouver Is. Summer,NA,South Coast,Summer,W CS,342,W. Vancouver Is. Summer,Summer,NA,50.13289,-127.66982,M,NA,ArcGIS world geocoding service
984,West Vancouver Island Summer,10088,MAHATTA CREEK,West Vancouver Island,930823900,W. Vancouver Is. Summer,NA,South Coast,Summer,CS,346,W. Vancouver Is. Summer,Summer,NA,50.4370352,-127.8463616,H,NA,FWA Streams_Line_BC
984,West Vancouver Island Summer,10089,MARBLE RIVER,West Vancouver Island,930865200,W. Vancouver Is. Summer,NA,South Coast,Summer,CS,351,W. Vancouver Is. Summer,Summer,NA,50.53496138,-127.4697534,H,NA,FWA Streams_Line_BC
985,East Vancouver Island Summer,10090,CHEMAINUS RIVER,East Vancouver Island,920303500,E. Vancouver Is. Summer,NA,South Coast,Summer,W CS,249,E. Vancouver Is. Summer,Summer,NA,48.85605561,-123.9700265,H,NA,FWA Streams_Line_BC
985,East Vancouver Island Summer,10091,PUNTLEDGE RIVER,East Vancouver Island,9.21E+13,E. Vancouver Is. Summer,NA,South Coast,Summer,W CS,260,E. Vancouver Is. Summer,Summer,NA,49.69964,-125.00284,M,NA,ArcGIS world geocoding service
985,East Vancouver Island Summer,10093,WHITE RIVER,East Vancouver Island,9.21E+13,E. Vancouver Is. Summer,NA,South Coast,Summer,CS,267,E. Vancouver Is. Summer,Summer,NA,55.88239385,-129.2825425,H,NA,FWA Streams_Line_BC
985,East Vancouver Island Summer,10094,ADAM RIVER,East Vancouver Island,920758000,E. Vancouver Is. Summer,NA,South Coast,Summer,W CS,268,E. Vancouver Is. Summer,Summer,NA,50.38151672,-126.161264,H,NA,FWA Streams_Line_BC
985,East Vancouver Island Summer,10095,TSITIKA RIVER,East Vancouver Island,920782100,E. Vancouver Is. Summer,NA,South Coast,Summer,CS,269,E. Vancouver Is. Summer,Summer,NA,50.37667272,-126.546528,H,NA,FWA Streams_Line_BC
985,East Vancouver Island Summer,10096,KOKISH RIVER,East Vancouver Island,920810900,E. Vancouver Is. Summer,NA,South Coast,Summer,CS,270,E. Vancouver Is. Summer,Summer,NA,50.44913281,-126.7829215,H,NA,FWA Streams_Line_BC
985,East Vancouver Island Summer,10097,KILPALA RIVER,East Vancouver Island,9.21E+13,E. Vancouver Is. Summer,NA,South Coast,Summer,CS,272,E. Vancouver Is. Summer,Summer,NA,50.43798676,-127.0384879,H,NA,FWA Streams_Line_BC
985,East Vancouver Island Summer,10098,KAIPIT CREEK,East Vancouver Island,9.21E+13,E. Vancouver Is. Summer,NA,South Coast,Summer,CS,273,E. Vancouver Is. Summer,Summer,NA,50.20529281,-126.7696388,H,NA,FWA Streams_Line_BC
1080,Alsek Summer,10099,ALSEK RIVER,Alsek,990,Alsek  Summer,NA,North Coast,Interior Summer,IS,386,Alsek  Summer,Interior Summer,NA,59.43258,-137.97054,M,NA,ArcGIS world geocoding service
1080,Alsek Summer,10100,TATSENSHINI,Alsek,9.90E+08,Alsek  Summer,NA,North Coast,Interior Summer,IS,387,Alsek  Summer,Interior Summer,NA,59.4826,-137.75379,M,NA,ArcGIS world geocoding service
1081,Taku Summer,10101,INKLIN RIVER,Taku,7.80E+02,Taku  Summer,NA,North Coast,Interior Summer,IS,95,Taku  Summer,Interior Summer,NA,58.82582941,-132.8718397,H,NA,FWA Streams_Line_BC
1081,Taku Summer,10102,YETH CREEK,Taku,782,Taku  Summer,NA,North Coast,Interior Summer,IS,96,Taku  Summer,Interior Summer,NA,58.92833683,-132.7757648,H,NA,FWA Streams_Line_BC
1081,Taku Summer,10103,SUTLAHINE RIVER,Taku,785,Taku  Summer,NA,North Coast,Interior Summer,IS,97,Taku  Summer,Interior Summer,NA,58.48227282,-133.0278456,H,NA,FWA Streams_Line_BC
1081,Taku Summer,10104,KOWATUA CREEK,Taku,787,Taku  Summer,NA,North Coast,Interior Summer,IS,98,Taku  Summer,Interior Summer,NA,58.54241319,-132.4206497,H,NA,FWA Streams_Line_BC
1081,Taku Summer,10105,NAHLIN RIVER,Taku,7.88E+02,Taku  Summer,NA,North Coast,Interior Summer,IS,99,Taku  Summer,Interior Summer,NA,58.88245093,-131.5418025,H,NA,FWA Streams_Line_BC
1081,Taku Summer,10106,SHESLAY RIVER,Taku,789,Taku  Summer,NA,North Coast,Interior Summer,IS,100,Taku  Summer,Interior Summer,NA,58.21310588,-131.9017002,H,NA,FWA Streams_Line_BC
1081,Taku Summer,10107,NAKINA RIVER,Taku,790,Taku  Summer,NA,North Coast,Interior Summer,IS,101,Taku  Summer,Interior Summer,NA,59.03864011,-133.0558339,H,NA,FWA Streams_Line_BC
1082,Taku Winter,10108,TAKU RIVER,Taku,700,Taku Winter,NA,North Coast,Winter,NA,91,Taku Winter,Winter,NA,58.7225166,-133.3918558,H,NA,FWA Streams_Line_BC
1082,Taku Winter,10109,STUHINI CREEK,Taku,700298800,Taku Winter,NA,North Coast,Winter,NA,92,Taku Winter,Winter,NA,58.61827801,-133.5138321,H,NA,FWA Streams_Line_BC
1082,Taku Winter,10110,TULSEQUAH RIVER,Taku,730,Taku Winter,NA,North Coast,Winter,NA,93,Taku Winter,Winter,NA,58.75559935,-133.6588307,H,NA,FWA Streams_Line_BC
1082,Taku Winter,10111,KING SALMON CREEK,Taku,7.70E+02,Taku Winter,NA,North Coast,Winter,NA,94,Taku Winter,Winter,NA,58.79838705,-133.2583613,H,NA,FWA Streams_Line_BC
1083,Stikine Summer,10112,TAHLTAN RIVER,Stikine,640,Stikine  Summer,NA,North Coast,Interior Summer,IS,90,Stikine  Summer,Interior Summer,NA,58.05327151,-131.4617974,H,NA,FWA Streams_Line_BC
1084,Stikine Winter,10113,KATETE RIVER,Stikine,6.00E+08,Stikine Winter,NA,North Coast,Winter,NA,78,Stikine Winter,Winter,NA,56.64091303,-131.748098,H,NA,FWA Streams_Line_BC
1084,Stikine Winter,10114,PORCUPINE RIVER,Stikine,600157400,Stikine Winter,NA,North Coast,Winter,NA,79,Stikine Winter,Winter,NA,57.02779754,-131.6475261,H,NA,FWA Streams_Line_BC
1084,Stikine Winter,10115,CHRISTINA CREEK,Stikine,600196800,Stikine Winter,NA,North Coast,Winter,NA,80,Stikine Winter,Winter,NA,57.25356656,-132.0085731,H,NA,FWA Streams_Line_BC
1084,Stikine Winter,10116,SCUD RIVER,Stikine,600202800,Stikine Winter,NA,North Coast,Winter,NA,81,Stikine Winter,Winter,NA,57.3142698,-131.7158105,H,NA,FWA Streams_Line_BC
1084,Stikine Winter,10117,PATMORE CREEK,Stikine,600212700,Stikine Winter,NA,North Coast,Winter,NA,82,Stikine Winter,Winter,NA,57.33215981,-132.0513153,H,NA,FWA Streams_Line_BC
1084,Stikine Winter,10118,SHAKES CREEK,Stikine,600327800,Stikine Winter,NA,North Coast,Winter,NA,83,Stikine Winter,Winter,NA,57.78299,-131.40389,M,NA,ArcGIS world geocoding service
1084,Stikine Winter,10119,INHINI RIVER,Stikine,610071300,Stikine Winter,NA,North Coast,Winter,NA,84,Stikine Winter,Winter,NA,56.69217715,-131.5400166,H,NA,FWA Streams_Line_BC
1084,Stikine Winter,10120,CRAIG RIVER,Stikine,610137600,Stikine Winter,NA,North Coast,Winter,NA,85,Stikine Winter,Winter,NA,56.59249073,-131.1778564,H,NA,FWA Streams_Line_BC
1084,Stikine Winter,10121,BRONSON CREEK,Stikine,610212400,Stikine Winter,NA,North Coast,Winter,NA,86,Stikine Winter,Winter,NA,56.68007285,-131.0800824,H,NA,FWA Streams_Line_BC
1084,Stikine Winter,10122,VERRETT RIVER,Stikine,6.10E+08,Stikine Winter,NA,North Coast,Winter,NA,87,Stikine Winter,Winter,NA,56.74978104,-131.0070689,H,NA,FWA Streams_Line_BC
1084,Stikine Winter,10123,CHUTINE RIVER,Stikine,620,Stikine Winter,NA,North Coast,Winter,NA,88,Stikine Winter,Winter,NA,57.70193365,-131.8107269,H,NA,FWA Streams_Line_BC
1084,Stikine Winter,10124,MESS CREEK,Stikine,6.30E+02,Stikine Winter,NA,North Coast,Winter,NA,89,Stikine Winter,Winter,NA,57.68122269,-130.9510107,H,NA,FWA Streams_Line_BC
1380,Mid Columbia Summer,10125,OKANAGAN RIVER,Mid Columbia,310,Mid Columbia  Summer,NA,Interior,Interior Summer,NA,27,Mid Columbia  Summer,Interior Summer,NA,49.08306,-119.51908,M,NA,ArcGIS world geocoding service
1380,Mid Columbia Summer,10271,Inkaneep Creek,Mid Columbia,,Mid Columbia  Summer,NA,Interior,Interior Summer,NA,,Mid Columbia  Summer,Interior Summer,NA,49.072511,-119.503958,H,"added stream manually, spawner survey counts seperat from Okanagan",
